Date,index_level
2000-12-29,100.0
2001-01-01,99.86323564134344
2001-01-02,101.2416829091986
2001-01-03,103.22551415506882
2001-01-04,103.11325809404978
2001-01-05,103.71078546406525
2001-01-08,102.77336154395056
2001-01-09,102.3010279546467
2001-01-10,101.79918412071856
2001-01-11,101.13425877235792
2001-01-12,101.85005141714923
2001-01-15,103.54555612918793
2001-01-16,102.87948307533921
2001-01-17,103.14123914832885
2001-01-18,104.22975156122598
2001-01-19,106.10320904645448
2001-01-22,107.26015596900567
2001-01-23,106.09765994298895
2001-01-24,106.89804030393769
2001-01-25,107.72320443800851
2001-01-26,107.72320443800851
2001-01-29,105.01068073804545
2001-01-30,107.12732179776596
2001-01-31,107.54560913830346
2001-02-01,106.19253273891171
2001-02-02,108.17641293376634
2001-02-05,109.99143968911433
2001-02-06,110.19124393119291
2001-02-07,110.22598558936977
2001-02-08,113.01797721919765
2001-02-09,115.27630536287515
2001-02-12,115.26225934531845
2001-02-13,114.45120425190872
2001-02-14,114.80357603679892
2001-02-15,115.91520339420485
2001-02-16,112.41282142125176
2001-02-19,112.37400174270437
2001-02-20,112.1214379706075
2001-02-21,111.5763276448261
2001-02-22,109.80990221639692
2001-02-23,106.80465633303164
2001-02-26,106.64537609509495
2001-02-27,105.17744565708917
2001-02-28,106.12128067729932
2001-03-01,106.96560780221654
2001-03-02,104.71195571209546
2001-03-05,101.14267044009745
2001-03-06,101.14267044009745
2001-03-07,101.9451790789996
2001-03-08,102.24484030011122
2001-03-09,97.48521059151273
2001-03-12,91.75935037890399
2001-03-13,85.31688806283134
2001-03-14,89.90594976565369
2001-03-15,93.15597816349745
2001-03-16,90.7166145809951
2001-03-19,90.61650215540368
2001-03-20,90.29439364943296
2001-03-21,91.71423740661294
2001-03-22,91.27301507469092
2001-03-23,89.31998908869805
2001-03-26,89.24821815224271
2001-03-27,90.89580876205979
2001-03-28,93.18954403505826
2001-03-29,92.37628183154533
2001-03-30,89.63352456567995
2001-04-02,86.66428654487801
2001-04-03,88.69279932689591
2001-04-04,88.27715365978632
2001-04-05,88.27715365978632
2001-04-06,88.53611861110477
2001-04-09,88.5143842757361
2001-04-10,88.14630221409125
2001-04-11,85.26607930983536
2001-04-12,83.57349439819919
2001-04-13,83.57349439819919
2001-04-16,85.80377935907545
2001-04-17,88.7050398491068
2001-04-18,93.01370889091861
2001-04-19,93.42803652272453
2001-04-20,94.10141021851597
2001-04-23,94.36784772278672
2001-04-24,94.93889133430783
2001-04-25,96.48461479207887
2001-04-26,95.0115974315309
2001-04-27,91.32711397486685
2001-04-30,93.02146988922858
2001-05-01,93.02146988922858
2001-05-02,94.39857798117069
2001-05-03,93.61198705927757
2001-05-04,94.53755990211995
2001-05-07,95.50616752891592
2001-05-08,96.16295239048725
2001-05-09,95.69020074701095
2001-05-10,95.48629998256622
2001-05-11,94.5130781290512
2001-05-14,94.55916975027323
2001-05-15,94.80119871869174
2001-05-16,95.76100194650952
2001-05-17,96.76508591401337
2001-05-18,97.7144478280085
2001-05-21,98.0220363827586
2001-05-22,98.67697089089665
2001-05-23,98.97677006652685
2001-05-24,98.77521592720697
2001-05-25,98.06220649366567
2001-05-28,99.57821360822146
2001-05-29,100.75149246858945
2001-05-30,99.71981219401458
2001-05-31,99.16188169940636
2001-06-01,98.61049954368748
2001-06-04,96.88398017610719
2001-06-05,95.26678730143682
2001-06-06,95.14504444277007
2001-06-07,94.18506544739282
2001-06-08,95.6743265548893
2001-06-11,96.43010808024016
2001-06-12,96.43274049453682
2001-06-13,96.86338333352126
2001-06-14,95.99057321299254
2001-06-15,94.18156214467913
2001-06-18,93.02425856141136
2001-06-19,93.73343282910744
2001-06-20,93.96917217452314
2001-06-21,93.59728192228019
2001-06-22,92.80424487424756
2001-06-25,90.54131640631482
2001-06-26,93.25490243493891
2001-06-27,92.28482526964382
2001-06-28,91.48806392217715
2001-06-29,92.3576596816901
2001-07-02,92.95531492429281
2001-07-03,91.23698091604511
2001-07-04,90.55290807576421
2001-07-05,90.70541087776068
2001-07-06,89.96502900744132
2001-07-09,89.63872460073212
2001-07-10,90.60639311317573
2001-07-11,90.27959717319163
2001-07-12,91.20555153334138
2001-07-13,91.67009289119306
2001-07-16,91.78377828681951
2001-07-17,91.10512427089792
2001-07-18,91.26633281862492
2001-07-19,90.90922383694218
2001-07-20,90.54871890660154
2001-07-23,90.60914013713243
2001-07-24,89.91462794482759
2001-07-25,88.66488665669881
2001-07-26,88.51332495533742
2001-07-27,88.33445384839212
2001-07-30,89.37729093058933
2001-07-31,89.24815796437952
2001-08-01,88.86068582942416
2001-08-02,89.02726731086015
2001-08-03,89.44156991992114
2001-08-06,89.73163264468252
2001-08-07,89.84302587183221
2001-08-08,89.25348878716055
2001-08-09,88.88581437493632
2001-08-10,88.37636381001344
2001-08-13,88.46040459017075
2001-08-14,88.3914717874845
2001-08-15,88.3914717874845
2001-08-16,87.45260401949398
2001-08-17,87.67727121468079
2001-08-20,87.2445857250627
2001-08-21,86.77554925493217
2001-08-22,86.77554925493217
2001-08-23,86.90567146372553
2001-08-24,86.90741199811866
2001-08-27,86.87434385964252
2001-08-28,87.17281351085406
2001-08-29,86.89934463442239
2001-08-30,86.66536805212758
2001-08-31,86.25396788378816
2001-09-03,85.72732538167915
2001-09-04,85.3459326574965
2001-09-05,86.0763985510866
2001-09-06,85.7357213140624
2001-09-07,84.93913109724089
2001-09-10,84.55138042057757
2001-09-11,83.44814538138992
2001-09-12,80.63303949434273
2001-09-13,80.21869307753789
2001-09-14,76.27337007467366
2001-09-17,71.87972809424154
2001-09-18,75.07089734512488
2001-09-19,76.47611630325251
2001-09-20,75.26139393465057
2001-09-21,74.06146084423726
2001-09-24,74.76171161736374
2001-09-25,75.34659227165764
2001-09-26,75.52172178230056
2001-09-27,76.15957286258651
2001-09-28,77.44301677253527
2001-10-01,76.80211572079482
2001-10-02,76.80211572079482
2001-10-03,76.86028891867079
2001-10-04,77.15348580589733
2001-10-05,76.44298988858475
2001-10-08,75.99394659095756
2001-10-09,76.76274146766822
2001-10-10,82.34056233159131
2001-10-11,82.53813255724268
2001-10-12,82.84954726685417
2001-10-15,77.87398222262536
2001-10-16,78.33507453881344
2001-10-17,79.85463238589395
2001-10-18,80.45671383791016
2001-10-19,80.78756893155128
2001-10-22,80.91965569930213
2001-10-23,81.81963410521608
2001-10-24,82.2389673401056
2001-10-25,82.34213310385384
2001-10-26,82.34213310385384
2001-10-29,82.4447075793537
2001-10-30,81.46280078203166
2001-10-31,81.61664053889268
2001-11-01,83.31558097707796
2001-11-02,83.8027521838294
2001-11-05,83.85581971021858
2001-11-06,84.7332120310414
2001-11-07,84.15479779048646
2001-11-08,85.17726137413109
2001-11-09,85.45724917238765
2001-11-12,86.1899735659534
2001-11-13,85.7774172040385
2001-11-14,86.63439207624278
2001-11-15,87.11541187400783
2001-11-16,87.11541187400783
2001-11-19,87.91604374519848
2001-11-20,87.06879643893126
2001-11-21,88.07055668806386
2001-11-22,88.5160131321702
2001-11-23,88.17846666094324
2001-11-26,88.95868842403783
2001-11-27,88.72089024439109
2001-11-28,88.15380171691886
2001-11-29,87.75944483775253
2001-11-30,87.75944483775253
2001-12-03,87.87433330437445
2001-12-04,88.51942242343583
2001-12-05,89.79488996464926
2001-12-06,89.57254909775206
2001-12-07,89.99188145699361
2001-12-10,91.43462287244225
2001-12-11,90.9402016042251
2001-12-12,89.6961254165747
2001-12-13,89.0768654768312
2001-12-14,88.57827572736007
2001-12-17,88.57827572736007
2001-12-18,88.07448269594744
2001-12-19,86.52829307117946
2001-12-20,86.03886508548182
2001-12-21,85.3616213815635
2001-12-24,84.4213480156312
2001-12-25,84.4213480156312
2001-12-26,83.59307338505043
2001-12-27,81.87180331487605
2001-12-28,82.11260820301187
2001-12-31,84.55514508580538
2002-01-01,84.73346379662384
2002-01-02,84.91529786726989
2002-01-03,85.83008277021482
2002-01-04,85.70846715228731
2002-01-07,85.63633914108574
2002-01-08,85.77904485520774
2002-01-09,86.07354363852359
2002-01-10,86.70961301290973
2002-01-11,86.70920181852446
2002-01-14,90.45370946684906
2002-01-15,90.12545889299139
2002-01-16,91.02882231077294
2002-01-17,91.70908119399415
2002-01-18,91.95932388771631
2002-01-21,91.8526189154402
2002-01-22,91.52195695305205
2002-01-23,92.07983856382623
2002-01-24,91.22677106024612
2002-01-25,91.07965014277056
2002-01-28,90.65969119774866
2002-01-29,90.37174741867064
2002-01-30,89.69090652533447
2002-01-31,90.39171221600077
2002-02-01,93.0693268124524
2002-02-04,95.0480028195529
2002-02-05,95.09545137002968
2002-02-06,101.47506593268811
2002-02-07,102.83870620020896
2002-02-08,101.76363008440406
2002-02-11,104.66241177698906
2002-02-12,103.57147339589791
2002-02-13,104.98566980761545
2002-02-14,108.44370713532757
2002-02-15,110.53115941178481
2002-02-18,110.76248301209077
2002-02-19,107.70525579392256
2002-02-20,107.84094277599017
2002-02-21,108.31085712910513
2002-02-22,109.93962066965261
2002-02-25,109.09448153149282
2002-02-26,112.74823738555318
2002-02-27,113.12369413117968
2002-02-28,107.19917778790159
2002-03-01,111.96200930989073
2002-03-04,113.48327153777953
2002-03-05,113.6528544362486
2002-03-06,113.64971217160596
2002-03-07,113.86889139759596
2002-03-08,113.71940530573761
2002-03-11,111.63584556307484
2002-03-12,109.70401011160152
2002-03-13,111.24380135518803
2002-03-14,111.81069980853195
2002-03-15,113.11833639263023
2002-03-18,113.62082744953422
2002-03-19,111.19874718887999
2002-03-20,111.1046083940197
2002-03-21,110.19981886711206
2002-03-22,109.8502523261039
2002-03-25,109.8502523261039
2002-03-26,110.00648276142606
2002-03-27,111.13510950839563
2002-03-28,111.6465071293928
2002-03-29,111.6465071293928
2002-04-01,117.35116488610832
2002-04-02,116.86461239324318
2002-04-03,117.83113530347015
2002-04-04,118.96409209118337
2002-04-05,120.85054377715353
2002-04-08,121.59796665931765
2002-04-09,121.22796455389641
2002-04-10,119.8003924804893
2002-04-11,121.01433839018965
2002-04-12,120.89983607402756
2002-04-15,118.19651593805624
2002-04-16,117.86010835054013
2002-04-17,117.448982841559
2002-04-18,117.63118407176721
2002-04-19,115.00982441870673
2002-04-22,114.55568495763711
2002-04-23,115.58725263129595
2002-04-24,116.47701958944936
2002-04-25,115.1622914172251
2002-04-26,114.76819769784154
2002-04-29,114.62195163232754
2002-04-30,117.17454569911186
2002-05-01,117.17454569911186
2002-05-02,119.32524310435693
2002-05-03,118.39066128865123
2002-05-06,120.22792168314203
2002-05-07,120.85494571851484
2002-05-08,121.30274592643069
2002-05-09,122.68955610602683
2002-05-10,122.1211633029616
2002-05-13,122.9568085373695
2002-05-14,123.51930797685223
2002-05-15,121.20051179260761
2002-05-16,120.9991704182804
2002-05-17,119.60656412139592
2002-05-20,116.67033010104397
2002-05-21,112.95997102057852
2002-05-22,113.69418924089135
2002-05-23,113.74306225276769
2002-05-24,118.35376985113851
2002-05-27,119.49434589076571
2002-05-28,114.95237339243462
2002-05-29,116.7170559564402
2002-05-30,115.7001857020549
2002-05-31,115.92043477414957
2002-06-03,119.95817546398365
2002-06-04,120.94027170229424
2002-06-05,121.95577218728667
2002-06-06,121.80854032073476
2002-06-07,119.12520927206513
2002-06-10,121.43843236502451
2002-06-11,125.9518079779057
2002-06-12,127.50930515878612
2002-06-13,128.14460770580743
2002-06-14,128.55245332549796
2002-06-17,128.01064900114727
2002-06-18,126.09477211331293
2002-06-19,124.42143486000506
2002-06-20,124.01781880868941
2002-06-21,123.90944888103218
2002-06-24,122.84107325421787
2002-06-25,122.3582785231843
2002-06-26,121.1150366560753
2002-06-27,121.9016822255621
2002-06-28,122.91991585134745
2002-07-01,125.54643499037661
2002-07-02,125.58656674407241
2002-07-03,125.65782752709282
2002-07-04,126.58279651406268
2002-07-05,128.3334696975034
2002-07-08,128.43269924708707
2002-07-09,128.66381135290942
2002-07-10,127.64642983514612
2002-07-11,125.99250258300347
2002-07-12,127.27157045391715
2002-07-15,126.4317744082524
2002-07-16,125.33870671216218
2002-07-17,123.32357832091198
2002-07-18,126.54237124975748
2002-07-19,126.22259489677757
2002-07-22,122.00461916407876
2002-07-23,123.84924653451691
2002-07-24,121.60846676921881
2002-07-25,121.38253695080934
2002-07-26,117.84154303136165
2002-07-29,115.46444182626188
2002-07-30,114.11769774835314
2002-07-31,114.22028212451701
2002-08-01,114.68267874403898
2002-08-02,114.633396196437
2002-08-05,115.42843107213335
2002-08-06,116.54184664713539
2002-08-07,117.30798452009104
2002-08-08,114.32842641462098
2002-08-09,115.42800808100628
2002-08-12,115.92758111806027
2002-08-13,116.18771935638289
2002-08-14,115.8865650213765
2002-08-15,115.8865650213765
2002-08-16,116.00008408690833
2002-08-19,115.99824087982425
2002-08-20,115.81458433816752
2002-08-21,115.91422345812278
2002-08-22,116.166015670706
2002-08-23,117.38979093627651
2002-08-26,118.1723923856262
2002-08-27,116.984028876398
2002-08-28,116.91644288090735
2002-08-29,115.13219684693715
2002-08-30,116.40539892217407
2002-09-02,116.084149198056
2002-09-03,116.25636866071147
2002-09-04,116.84037435744915
2002-09-05,116.8437777309369
2002-09-06,115.46003266376593
2002-09-09,109.1044593358245
2002-09-10,109.1044593358245
2002-09-11,108.40073390357134
2002-09-12,109.98871024319794
2002-09-13,109.49466171618226
2002-09-16,107.36649198479502
2002-09-17,107.2829086890946
2002-09-18,106.56091991625996
2002-09-19,105.57134628300086
2002-09-20,105.82684328065379
2002-09-23,105.52272339770016
2002-09-24,105.11598029820567
2002-09-25,104.83269992408056
2002-09-26,105.06962558837763
2002-09-27,106.17601681744313
2002-09-30,104.08975840357057
2002-10-01,103.21906737337996
2002-10-02,103.21906737337996
2002-10-03,103.74061127939666
2002-10-04,103.62501678641766
2002-10-07,107.00764763272913
2002-10-08,107.50887500449323
2002-10-09,106.92228382978374
2002-10-10,106.5330192904521
2002-10-11,107.83511490856026
2002-10-14,106.49320862167384
2002-10-15,106.49320862167384
2002-10-16,105.43155318606556
2002-10-17,105.9812182859177
2002-10-18,106.84158591049408
2002-10-21,106.78019077128911
2002-10-22,105.64164937195586
2002-10-23,105.14645005592584
2002-10-24,104.88994574218587
2002-10-25,103.62181054730463
2002-10-28,102.91186102993504
2002-10-29,103.71783622857468
2002-10-30,103.22832055003829
2002-10-31,103.54723536499318
2002-11-01,104.57198923789656
2002-11-04,105.30371609803333
2002-11-05,103.64087870323479
2002-11-06,103.64087870323479
2002-11-07,102.42786629409402
2002-11-08,102.42646546882558
2002-11-11,101.34245055210332
2002-11-12,101.11053944026322
2002-11-13,101.10715159711937
2002-11-14,100.39875979776647
2002-11-15,101.30930100128299
2002-11-18,102.35618736612352
2002-11-19,102.35618736612352
2002-11-20,101.8748918639803
2002-11-21,101.9263041427996
2002-11-22,102.64593590696445
2002-11-25,104.5402660885053
2002-11-26,105.47561780791553
2002-11-27,105.37283734973792
2002-11-28,106.06672688755775
2002-11-29,107.250761016629
2002-12-02,110.38746246573668
2002-12-03,108.60489355180522
2002-12-04,108.41564188824584
2002-12-05,108.92143684475924
2002-12-06,114.35630182071874
2002-12-09,112.29657659032958
2002-12-10,111.59211508278696
2002-12-11,111.89874049669066
2002-12-12,113.05592794264956
2002-12-13,114.87536759467385
2002-12-16,114.57998645982717
2002-12-17,113.93011932479985
2002-12-18,115.13038580423255
2002-12-19,115.38076615604263
2002-12-20,115.26472986823691
2002-12-23,115.54178414931248
2002-12-24,116.17944528419083
2002-12-25,116.17944528419083
2002-12-26,117.13661502879472
2002-12-27,118.08751131466443
2002-12-30,116.93752053890657
2002-12-31,117.16962406934132
2003-01-01,118.16612517736262
2003-01-02,117.78956635636672
2003-01-03,117.29908388711308
2003-01-06,115.46144837333209
2003-01-07,115.37701126010543
2003-01-08,117.08641694557146
2003-01-09,119.48982045969923
2003-01-10,118.5371313225582
2003-01-13,118.57401460316561
2003-01-14,119.49865534114454
2003-01-15,120.18745291935156
2003-01-16,122.23753394371684
2003-01-17,122.9013380785074
2003-01-20,122.49679902860781
2003-01-21,125.36411625664773
2003-01-22,126.45399603015987
2003-01-23,125.49257090117449
2003-01-24,122.19690179298316
2003-01-27,120.03499683486932
2003-01-28,121.72832359415968
2003-01-29,121.66066209409237
2003-01-30,123.05424646077121
2003-01-31,120.49591248809894
2003-02-03,122.49597571085572
2003-02-04,123.80223794308145
2003-02-05,123.18228556000633
2003-02-06,125.02647625754513
2003-02-07,125.17628368877028
2003-02-10,123.15618800812646
2003-02-11,123.0015448200205
2003-02-12,122.43584346586461
2003-02-13,122.43584346586461
2003-02-14,120.94194702170672
2003-02-17,124.16215744159032
2003-02-18,125.67840662493647
2003-02-19,126.62353814664846
2003-02-20,125.91789863690603
2003-02-21,125.78965623528033
2003-02-24,126.39205306807618
2003-02-25,124.29019025922551
2003-02-26,123.75157529491172
2003-02-27,125.45429091632002
2003-02-28,124.84083350171278
2003-03-03,125.26418305159469
2003-03-04,122.73282346541681
2003-03-05,121.62147614067192
2003-03-06,120.50916772310035
2003-03-07,117.8536392130508
2003-03-10,116.08382576016847
2003-03-11,117.17926273552145
2003-03-12,116.5876366627671
2003-03-13,115.97131796147977
2003-03-14,115.97131796147977
2003-03-17,115.75420711844384
2003-03-18,115.75420711844384
2003-03-19,116.998811455401
2003-03-20,118.6794616366061
2003-03-21,119.76820912092967
2003-03-24,118.21553692819838
2003-03-25,118.03961973568886
2003-03-26,118.04706399170782
2003-03-27,117.5279266203323
2003-03-28,116.947956635394
2003-03-31,114.5336326334725
2003-04-01,115.55934398910516
2003-04-02,118.18582268500091
2003-04-03,119.69622592135339
2003-04-04,122.65141597775343
2003-04-07,125.20196475575223
2003-04-08,124.50485588833993
2003-04-09,123.63359951306316
2003-04-10,120.16615982046355
2003-04-11,119.58049907522356
2003-04-14,151.34143158595234
2003-04-15,119.12117867756814
2003-04-16,119.66455878141436
2003-04-17,118.54440407102837
2003-04-18,118.54440407102837
2003-04-21,119.62191401857623
2003-04-22,119.80336262176247
2003-04-23,119.12459197136933
2003-04-24,118.324430274917
2003-04-25,116.97141481843279
2003-04-28,118.85229617085511
2003-04-29,118.07475423698415
2003-04-30,118.55745547946029
2003-05-01,118.55745547946029
2003-05-02,120.28671983500747
2003-05-05,122.69914617501358
2003-05-06,124.37081085555624
2003-05-07,124.18443905933015
2003-05-08,123.3968059302658
2003-05-09,124.02105793303623
2003-05-12,126.18902181121963
2003-05-13,127.79236777611384
2003-05-14,129.29111647154843
2003-05-15,132.08028147413236
2003-05-16,133.1058157193731
2003-05-19,132.1368880337029
2003-05-20,133.8862118070828
2003-05-21,136.09042793914665
2003-05-22,136.9907426358047
2003-05-23,139.4911735145438
2003-05-26,142.74706126607367
2003-05-27,139.93528615161915
2003-05-28,140.9986695495985
2003-05-29,142.29425087582752
2003-05-30,144.49569279395226
2003-06-02,143.55569931141895
2003-06-03,143.64082982792618
2003-06-04,145.64996208419322
2003-06-05,144.16879587922654
2003-06-06,144.4627238925471
2003-06-09,144.97787453880636
2003-06-10,142.4972379657337
2003-06-11,144.85873950692832
2003-06-12,146.01949214575578
2003-06-13,145.5289021442337
2003-06-16,145.55086040020416
2003-06-17,148.7143816838594
2003-06-18,148.79955466454078
2003-06-19,149.72686553159258
2003-06-20,152.09010955345227
2003-06-23,151.025255809723
2003-06-24,152.61579585337884
2003-06-25,155.6948478131778
2003-06-26,154.92159582587743
2003-06-27,156.6323796045543
2003-06-30,157.0550503696762
2003-07-01,157.1731198102546
2003-07-02,158.32956036081504
2003-07-03,160.29367760084727
2003-07-04,161.2823034754729
2003-07-07,164.59715409859993
2003-07-08,162.8929146867005
2003-07-09,159.6873656416405
2003-07-10,159.74719523682737
2003-07-11,161.67933383240492
2003-07-14,163.96305836247586
2003-07-15,162.41919468346694
2003-07-16,164.7837987702621
2003-07-17,162.15531736579217
2003-07-18,160.952908303922
2003-07-21,159.55412190124954
2003-07-22,156.06871814120507
2003-07-23,156.2700656627106
2003-07-24,158.68897860134666
2003-07-25,163.21956450194065
2003-07-28,165.06596869125573
2003-07-29,165.64135260667584
2003-07-30,168.3973571531981
2003-07-31,166.97736497597572
2003-08-01,168.59796556282436
2003-08-04,173.34334201148408
2003-08-05,170.01084668792035
2003-08-06,168.02823945923456
2003-08-07,173.04943098811276
2003-08-08,177.61956157882597
2003-08-11,183.2864766723046
2003-08-12,184.85739914093662
2003-08-13,188.9273195676704
2003-08-14,191.51303492804215
2003-08-15,191.51303492804215
2003-08-18,196.06270030443721
2003-08-19,194.5181964106181
2003-08-20,193.1755814219812
2003-08-21,194.47732343513036
2003-08-22,195.46264353734867
2003-08-25,185.06617724466017
2003-08-26,195.91512732181224
2003-08-27,199.54619055304323
2003-08-28,198.1572980810537
2003-08-29,200.58292313121675
2003-09-01,202.73762137283578
2003-09-02,201.29205841185413
2003-09-03,197.29976228284698
2003-09-04,197.26781676651345
2003-09-05,200.22751605774667
2003-09-08,202.71323063739698
2003-09-09,198.1614951514782
2003-09-10,197.35757298381145
2003-09-11,199.2575165124637
2003-09-12,195.15453392798443
2003-09-15,188.50360834884685
2003-09-16,192.0682946722116
2003-09-17,187.8998165051797
2003-09-18,180.7240554232131
2003-09-19,181.24706364306388
2003-09-22,179.50958267585213
2003-09-23,184.44445782124643
2003-09-24,189.54317541749535
2003-09-25,190.95039896073692
2003-09-26,194.49578911876117
2003-09-29,197.55205170284327
2003-09-30,199.4698930087566
2003-10-01,202.03514145162188
2003-10-02,202.03514145162188
2003-10-03,205.84518046042297
2003-10-06,212.70857800714668
2003-10-07,213.33894204309294
2003-10-08,215.1710409928619
2003-10-09,220.0775616034073
2003-10-10,219.8819912788262
2003-10-13,224.4888609190385
2003-10-14,217.77399432202282
2003-10-15,218.48482230617165
2003-10-16,222.43515233808128
2003-10-17,225.51146623628475
2003-10-20,220.6659688660375
2003-10-21,214.8236245055843
2003-10-22,213.43159799135594
2003-10-23,211.18316648882129
2003-10-24,216.01205219751853
2003-10-27,218.61020272927172
2003-10-28,215.4150622658443
2003-10-29,217.7393998229822
2003-10-30,222.83856227211282
2003-10-31,227.0276206062284
2003-11-03,228.40940701114337
2003-11-04,231.2362667793206
2003-11-05,232.55945429457338
2003-11-06,234.92452800743337
2003-11-07,232.0337545747024
2003-11-10,234.28515527884963
2003-11-11,237.44377547638834
2003-11-12,236.41063616895272
2003-11-13,231.90274968021058
2003-11-14,226.24133884668979
2003-11-17,233.55127877501033
2003-11-18,231.32426874098834
2003-11-19,226.5351260804902
2003-11-20,222.5719879430888
2003-11-21,223.27051231444787
2003-11-24,227.48935192132691
2003-11-25,229.9061141945553
2003-11-26,226.76166377256286
2003-11-27,232.11304051006363
2003-11-28,233.93739973449905
2003-12-01,240.8093786864285
2003-12-02,242.6411980632525
2003-12-03,247.25223204079933
2003-12-04,250.1326444003049
2003-12-05,247.0729211939331
2003-12-08,249.8114014497231
2003-12-09,255.23273477250711
2003-12-10,255.57498564318055
2003-12-11,258.50038063552483
2003-12-12,260.1190784382608
2003-12-15,264.0921047949638
2003-12-16,262.7836535383319
2003-12-17,264.64662661404327
2003-12-18,272.9403515978697
2003-12-19,275.5759446158257
2003-12-22,278.4486254362014
2003-12-23,276.34331584710395
2003-12-24,279.74342725965863
2003-12-25,276.2452259233826
2003-12-26,284.53539234207307
2003-12-29,290.88208582560935
2003-12-30,290.3207364134725
2003-12-31,291.1777131366078
2004-01-01,295.33651000600673
2004-01-02,300.6980565385114
2004-01-05,298.27406615413645
2004-01-06,295.1159053859231
2004-01-07,293.2949368715731
2004-01-08,304.96100718769816
2004-01-09,308.0305913063409
2004-01-12,302.0324878796183
2004-01-13,304.4405557327006
2004-01-14,309.49677322759135
2004-01-15,304.0637480179882
2004-01-16,295.4438490645525
2004-01-19,297.6331914167769
2004-01-20,291.701550591568
2004-01-21,275.2216691534845
2004-01-22,268.2415458336524
2004-01-23,279.294970830298
2004-01-26,279.294970830298
2004-01-27,288.78561553588264
2004-01-28,284.1733135320509
2004-01-29,285.23616206123427
2004-01-30,276.76006712659193
2004-02-02,276.76006712659193
2004-02-03,268.3959230028227
2004-02-04,275.5962510803352
2004-02-05,273.28922748323146
2004-02-06,275.0934202913325
2004-02-09,282.45890463776806
2004-02-10,282.28388298209615
2004-02-11,284.26488635161473
2004-02-12,286.07745952711525
2004-02-13,290.7431159085683
2004-02-16,292.5700122150976
2004-02-17,293.19324312517716
2004-02-18,293.1013110360628
2004-02-19,285.90723428361247
2004-02-20,284.1447360672132
2004-02-23,275.9603525303371
2004-02-24,277.47309369532195
2004-02-25,271.05986342576773
2004-02-26,267.0839814363667
2004-02-27,269.42938578525684
2004-03-01,276.61464449702106
2004-03-02,276.61464449702106
2004-03-03,280.46058800813654
2004-03-04,276.7047103463766
2004-03-05,281.40001366991476
2004-03-08,284.4867912926259
2004-03-09,280.3072470698504
2004-03-10,277.610372553344
2004-03-11,272.50496738895106
2004-03-12,270.59521358484295
2004-03-15,260.2269663748734
2004-03-16,255.60457287689462
2004-03-17,258.01551357823416
2004-03-18,254.56562982812073
2004-03-19,254.66371865727655
2004-03-22,244.20040537690264
2004-03-23,242.3235444774486
2004-03-24,242.95554545687793
2004-03-25,247.13905098660732
2004-03-26,255.26860950093203
2004-03-29,259.8027713835969
2004-03-30,259.13602387453295
2004-03-31,261.1924059455704
2004-04-01,269.29217282632777
2004-04-02,274.69585339677775
2004-04-05,279.55921067958786
2004-04-06,275.9353227117903
2004-04-07,273.68403879832164
2004-04-08,277.4539203436177
2004-04-09,277.4539203436177
2004-04-12,277.1609061915618
2004-04-13,281.13691563835107
2004-04-14,281.13691563835107
2004-04-15,281.65381644056805
2004-04-16,282.88365445720314
2004-04-19,281.2271377843411
2004-04-20,278.89215031090583
2004-04-21,285.2713460301612
2004-04-22,291.46293680031005
2004-04-23,292.9329057713547
2004-04-26,292.48677824042534
2004-04-27,277.9918959715751
2004-04-28,278.8039084098422
2004-04-29,281.2475117610129
2004-04-30,278.2061155241285
2004-05-03,270.10602066203035
2004-05-04,275.0437836614017
2004-05-05,279.37538995710446
2004-05-06,286.2895601437725
2004-05-07,283.5884430574276
2004-05-10,280.0525627335597
2004-05-11,266.4924748457639
2004-05-12,269.1139502595619
2004-05-13,275.4786736502381
2004-05-14,253.26851585860163
2004-05-17,225.34347215309265
2004-05-18,240.52506213402847
2004-05-19,251.24569084247221
2004-05-20,251.91330229552835
2004-05-21,249.74373177192385
2004-05-24,258.22093886712855
2004-05-25,256.53191980090185
2004-05-26,258.4530175048579
2004-05-27,255.96926291286763
2004-05-28,243.37165030105405
2004-05-31,238.23935883081919
2004-06-01,243.7778854604886
2004-06-02,243.66277768692137
2004-06-03,237.87196344502533
2004-06-04,239.454118573159
2004-06-07,243.29403838579458
2004-06-08,243.1885935376435
2004-06-09,243.37225646387148
2004-06-10,242.2118574110303
2004-06-11,237.49820644784094
2004-06-14,230.20300253857678
2004-06-15,232.71853950245728
2004-06-16,231.7901681375286
2004-06-17,233.56134303816046
2004-06-18,230.92270414717905
2004-06-21,226.9389752288576
2004-06-22,226.08446007236924
2004-06-23,219.35989349943637
2004-06-24,220.33104202506442
2004-06-25,226.29483605671666
2004-06-28,232.19672683793843
2004-06-29,235.19740436894097
2004-06-30,235.7080836844654
2004-07-01,237.76497976954485
2004-07-02,239.56911682406445
2004-07-05,237.2382722410028
2004-07-06,239.34859442771946
2004-07-07,240.02890134137004
2004-07-08,237.73402855761753
2004-07-09,240.59343337809617
2004-07-12,242.05676022134404
2004-07-13,239.28459335047944
2004-07-14,237.58248959044155
2004-07-15,239.71571134992973
2004-07-16,241.88010093678636
2004-07-19,242.76508002336644
2004-07-20,242.5263001922385
2004-07-21,242.65459906926296
2004-07-22,243.55858976777907
2004-07-23,244.39122113531803
2004-07-26,245.01283068151218
2004-07-27,242.98507685082294
2004-07-28,241.52856153930514
2004-07-29,241.1298728059466
2004-07-30,243.50950692504242
2004-08-02,242.7940761247939
2004-08-03,242.34085175852158
2004-08-04,240.992306559891
2004-08-05,243.36695741159016
2004-08-06,243.01684767619662
2004-08-09,245.04354764352829
2004-08-10,247.023412126118
2004-08-11,245.00526790092326
2004-08-12,244.56364793041024
2004-08-13,245.3522932275237
2004-08-16,244.54584029499648
2004-08-17,247.1765489447984
2004-08-18,242.40105242138236
2004-08-19,244.60519686988545
2004-08-20,242.79836084199297
2004-08-23,240.62246935946598
2004-08-24,232.90398776186396
2004-08-25,233.04968002000453
2004-08-26,235.40460589705376
2004-08-27,236.2908050177203
2004-08-30,240.48609247303006
2004-08-31,241.28784459854262
2004-09-01,241.98999693914783
2004-09-02,241.2705630605165
2004-09-03,242.5740174547046
2004-09-06,244.8410624142935
2004-09-07,247.9816491891442
2004-09-08,249.4280149456517
2004-09-09,247.07669050237735
2004-09-10,248.51350685663425
2004-09-13,251.4060454533293
2004-09-14,251.80857372630044
2004-09-15,251.72483590952024
2004-09-16,253.16126891649435
2004-09-17,254.4260803073418
2004-09-20,254.14825057011663
2004-09-21,254.79266200657642
2004-09-22,254.99159895281502
2004-09-23,253.87279255555833
2004-09-24,256.807989290975
2004-09-27,258.62095285629806
2004-09-28,255.40876901746913
2004-09-29,256.2488599439294
2004-09-30,258.8859967267884
2004-10-01,258.422171788292
2004-10-04,260.9481291551699
2004-10-05,261.9982456262251
2004-10-06,260.22178132313434
2004-10-07,261.1376839199982
2004-10-08,262.0859790000668
2004-10-11,257.4299120640253
2004-10-12,252.97444731971694
2004-10-13,279.69127367342463
2004-10-14,253.22026762136554
2004-10-15,251.73253675731166
2004-10-18,250.86575284515064
2004-10-19,252.27682185632904
2004-10-20,251.3584666510594
2004-10-21,251.66938703481253
2004-10-22,251.75741538773298
2004-10-25,247.975603290524
2004-10-26,249.41125316380572
2004-10-27,250.72957658444577
2004-10-28,252.13009327172753
2004-10-29,252.63409738351902
2004-11-01,252.17135824260944
2004-11-02,256.01515822759364
2004-11-03,259.4840234490324
2004-11-04,261.1559096644704
2004-11-05,260.97064051663176
2004-11-08,261.39004080691876
2004-11-09,260.1912945228543
2004-11-10,261.63284456425544
2004-11-11,262.18517530821305
2004-11-12,263.38906763524784
2004-11-15,263.3804441924654
2004-11-16,266.03128538040505
2004-11-17,268.78214190897523
2004-11-18,269.36151492015205
2004-11-19,268.32579802590743
2004-11-22,270.2888474381729
2004-11-23,274.1936913461295
2004-11-24,277.41410396023286
2004-11-25,277.27731768483835
2004-11-26,277.27731768483835
2004-11-29,279.58737258586495
2004-11-30,277.5532976236469
2004-12-01,278.6684753537495
2004-12-02,280.9336552975547
2004-12-03,281.5225244231302
2004-12-06,284.57089100571176
2004-12-07,284.9514069397333
2004-12-08,285.4499145361115
2004-12-09,286.516776931287
2004-12-10,285.5606271471518
2004-12-13,288.54990197066394
2004-12-14,292.9148449134466
2004-12-15,297.0214238496919
2004-12-16,301.23106251058255
2004-12-17,301.67141524106495
2004-12-20,306.62615245965895
2004-12-21,309.62213992736815
2004-12-22,309.3137795018286
2004-12-23,312.6879229368765
2004-12-24,315.84315227847395
2004-12-27,319.7610603968726
2004-12-28,322.8741213908256
2004-12-29,318.9994207473238
2004-12-30,320.02957363136585
2004-12-31,325.74784142102106
2005-01-03,328.0897925256485
2005-01-04,327.73627948176426
2005-01-05,319.8257743757168
2005-01-06,313.7015433791112
2005-01-07,319.1873925671827
2005-01-10,317.6292661058892
2005-01-11,313.450423024943
2005-01-12,304.11871598045076
2005-01-13,311.95244355744796
2005-01-14,310.68013252124075
2005-01-17,309.56624135425216
2005-01-18,315.2708571836716
2005-01-19,315.95281192474977
2005-01-20,312.13201905068644
2005-01-24,310.9480564733894
2005-01-25,314.12157404414626
2005-01-27,317.9942436722461
2005-01-28,326.99736609090866
2005-01-31,336.98003354348174
2005-02-01,340.85453261987516
2005-02-02,344.35131048046543
2005-02-03,349.9320350639178
2005-02-04,350.2768818857616
2005-02-07,351.56338182751244
2005-02-08,353.95082881875504
2005-02-09,359.69557369359916
2005-02-10,364.19330193908667
2005-02-11,365.2340961415892
2005-02-14,367.1536967850247
2005-02-15,364.9536047780336
2005-02-16,366.32407838978685
2005-02-17,364.19800749658367
2005-02-18,365.8330421046939
2005-02-21,363.2193806149596
2005-02-22,363.2601702702038
2005-02-23,365.4301436336224
2005-02-24,365.6581858150391
2005-02-25,362.6651692090244
2005-02-28,364.6590090075282
2005-03-01,366.80072692055774
2005-03-02,374.5847805889567
2005-03-03,383.2940740246412
2005-03-04,387.26863560281566
2005-03-07,396.603746382092
2005-03-08,402.64740275334526
2005-03-09,398.4897631223131
2005-03-10,406.125772371288
2005-03-11,406.3377524172314
2005-03-14,405.2755261100224
2005-03-15,400.2724101357982
2005-03-16,402.6987689913102
2005-03-17,401.77925914557204
2005-03-18,402.9918004292975
2005-03-21,406.437378590025
2005-03-22,400.90985755052543
2005-03-23,390.73992015031325
2005-03-24,384.76091104058946
2005-03-28,392.62894375495983
2005-03-29,383.5989167347636
2005-03-30,390.6465678652207
2005-03-31,400.7272822681578
2005-04-01,411.171402115182
2005-04-04,419.918021380382
2005-04-05,417.3180478707867
2005-04-06,421.72886901903723
2005-04-07,423.18063540196385
2005-04-08,397.2938664280983
2005-04-11,393.35074580909037
2005-04-12,396.0919808795654
2005-04-13,397.10109171217044
2005-04-15,387.93016683136864
2005-04-18,383.2272059014496
2005-04-19,383.9030959205001
2005-04-20,388.59595084153847
2005-04-21,396.03616930969565
2005-04-22,403.1579137507438
2005-04-25,401.20305092669076
2005-04-26,400.98478188517
2005-04-27,399.3508833892379
2005-04-28,396.4374747907314
2005-04-29,388.4562235499438
2005-05-02,384.8744340920259
2005-05-03,384.4918084185588
2005-05-04,388.5420567775619
2005-05-05,390.65669183882085
2005-05-06,392.10475830535887
2005-05-09,396.2360724337077
2005-05-10,394.3703168992731
2005-05-11,394.5370732637252
2005-05-12,399.48655048798406
2005-05-13,405.0908630775042
2005-05-16,413.1975861715439
2005-05-17,407.85974633704274
2005-05-18,409.6187066068413
2005-05-19,412.73323820185027
2005-05-20,413.7183418971043
2005-05-23,420.10997845321697
2005-05-24,419.1767216843304
2005-05-25,420.10214438589804
2005-05-26,419.2544740042933
2005-05-27,417.6776261523234
2005-05-30,414.97316295846144
2005-05-31,418.90172381687256
2005-06-01,420.08305030333065
2005-06-02,419.84322581785887
2005-06-03,423.14019497959026
2005-06-06,425.1294588461782
2005-06-07,424.13132731544283
2005-06-08,424.4933596742624
2005-06-09,423.9399516838701
2005-06-10,422.05219137300395
2005-06-13,420.0067671049218
2005-06-14,421.74904112653263
2005-06-15,423.2267141043236
2005-06-16,420.1665431586746
2005-06-17,412.78131303605164
2005-06-20,411.0149924990787
2005-06-21,412.08401093383804
2005-06-22,411.6443261718049
2005-06-23,411.8323375676339
2005-06-24,415.30413342438504
2005-06-27,415.72475239581416
2005-06-28,410.41120402898576
2005-06-29,415.82447429228426
2005-06-30,413.2281439933928
2005-07-01,417.4976998571106
2005-07-04,424.27398151706234
2005-07-05,424.1801900495745
2005-07-06,428.9958079081224
2005-07-07,423.99924534296133
2005-07-08,431.70592179788383
2005-07-11,440.8280950264178
2005-07-12,440.8588387527224
2005-07-13,445.82105617405017
2005-07-14,444.1272874008637
2005-07-15,448.84089479917594
2005-07-18,454.3384675756505
2005-07-19,451.85366213477823
2005-07-20,451.01671655695645
2005-07-21,450.0541719585727
2005-07-22,454.20793194006177
2005-07-25,454.3764294415484
2005-07-26,456.7094423753266
2005-07-27,455.901056679259
2005-07-28,2274.2956579362726
2005-07-29,455.1451865156176
2005-08-01,456.9394034526706
2005-08-02,468.206743447892
2005-08-03,473.0617173587598
2005-08-04,480.00181353272
2005-08-05,483.7084695077138
2005-08-08,475.5222516598651
2005-08-09,479.87836618373797
2005-08-10,492.75535714442145
2005-08-11,492.59766352568556
2005-08-12,496.5755049296221
2005-08-16,501.07746011557305
2005-08-17,509.09134256623474
2005-08-18,510.69061073166756
2005-08-19,520.0872223358278
2005-08-22,523.2293813128492
2005-08-23,513.280320113158
2005-08-24,505.63001770762827
2005-08-25,513.6811391680627
2005-08-26,527.5832934304289
2005-08-29,521.964018851075
2005-08-30,528.727830364623
2005-08-31,534.1674956494569
2005-09-01,536.0350461744791
2005-09-02,539.410571997598
2005-09-05,544.8100047741895
2005-09-06,546.9765975046661
2005-09-08,543.6292961448765
2005-09-09,539.8184311120957
2005-09-12,542.2731998698847
2005-09-13,544.9943641133308
2005-09-14,541.9284869955898
2005-09-15,553.3196744518839
2005-09-16,558.4729862969521
2005-09-19,562.1253921660673
2005-09-20,562.3973112384516
2005-09-21,548.1648110724951
2005-09-22,511.4311117813373
2005-09-23,519.3087686096485
2005-09-26,541.303457762591
2005-09-27,545.697368299089
2005-09-28,559.5957869223636
2005-09-29,561.6133586212272
2005-09-30,556.5465171685038
2005-10-03,556.5425503432399
2005-10-04,560.092661923117
2005-10-05,557.1806643746098
2005-10-06,549.944435092361
2005-10-07,548.9167568895836
2005-10-10,544.3548389768916
2005-10-11,541.3343106783306
2005-10-13,541.167567894824
2005-10-14,526.3153791784378
2005-10-17,521.1464708207624
2005-10-18,525.1969373218703
2005-10-19,504.5732578259504
2005-10-20,491.39572142297396
2005-10-21,501.04362377140706
2005-10-24,499.91047979498074
2005-10-25,501.1595771076964
2005-10-26,501.5320057999157
2005-10-27,496.73594509405825
2005-10-28,490.26861199842006
2005-10-31,499.3511664549384
2005-11-02,510.2880716658423
2005-11-04,510.2880716658423
2005-11-07,872.3784011519215
2005-11-08,525.7406216708578
2005-11-09,526.2884783277775
2005-11-10,525.8900077679061
2005-11-11,535.7724227628183
2005-11-14,540.7553357721806
2005-11-16,543.4245935356831
2005-11-17,544.4986574735924
2005-11-18,545.6275630006793
2005-11-21,540.4544190730286
2005-11-22,537.2980737113834
2005-11-23,539.1103949972598
2005-11-24,543.0173548842356
2005-11-25,552.9439245765948
2005-11-28,575.641858609368
2005-11-29,575.0042894250037
2005-11-30,573.4085766780175
2005-12-01,583.0741053365724
2005-12-02,591.2115137392188
2005-12-05,593.3802633030718
2005-12-06,592.9776973785612
2005-12-07,598.9894005259163
2005-12-08,599.8621997651929
2005-12-09,606.1774437462884
2005-12-12,612.4788292772962
2005-12-13,616.9187335861243
2005-12-14,614.2982620852598
2005-12-15,611.1239109245096
2005-12-16,613.6472010328733
2005-12-19,625.5504083035418
2005-12-20,621.7971697212248
2005-12-21,625.366156395704
2005-12-22,623.0543662801836
2005-12-23,622.7665472876207
2005-12-26,612.697407562427
2005-12-27,623.4885957088106
2005-12-28,622.8013236374456
2005-12-29,628.339216811981
2005-12-30,635.7770646774533
2006-01-02,643.2871931525314
2006-01-03,652.6249255781668
2006-01-04,655.4489420990878
2006-01-05,651.4892669651035
2006-01-06,623.7949314233734
2006-01-09,628.4480645242263
2006-01-10,625.8112076568264
2006-01-12,628.7615890345608
2006-01-13,630.2084499245225
2006-01-16,628.1037121282961
2006-01-17,629.7583387239803
2006-01-18,628.7200584026831
2006-01-19,643.5187207538394
2006-01-20,650.2948142325572
2006-01-23,653.1233009017053
2006-01-24,660.5025526977923
2006-01-25,661.6931351791508
2006-01-27,667.6497205682916
2006-01-30,656.5404514629662
2006-01-31,659.0251831855267
2006-02-01,656.5563466894604
2006-02-02,655.2070425068255
2006-02-03,653.6374851868201
2006-02-06,663.6298275744946
2006-02-07,670.0701371701562
2006-02-08,665.9466307060243
2006-02-10,671.3405925732533
2006-02-13,677.5153165918073
2006-02-14,677.14523597124
2006-02-15,682.5416266885716
2006-02-16,676.3985410993862
2006-02-17,672.0981947709754
2006-02-20,668.3599575325748
2006-02-21,677.2674682583249
2006-02-22,675.9293106906975
2006-02-23,678.1772407433983
2006-02-24,680.1230440450812
2006-02-27,685.4054590241711
2006-02-28,691.765939096335
2006-03-01,706.1856458826818
2006-03-02,712.687749982697
2006-03-03,718.6620544984618
2006-03-06,727.0759429721063
2006-03-07,736.4570687966469
2006-03-08,729.595220913288
2006-03-09,732.5855390475513
2006-03-10,744.1117040473521
2006-03-13,757.4565185490693
2006-03-14,753.0874144407481
2006-03-16,754.6045743704256
2006-03-17,747.6570297134239
2006-03-20,750.4366156480257
2006-03-21,749.6356491329941
2006-03-22,743.2100021206087
2006-03-23,748.9491443271438
2006-03-24,754.7463784506471
2006-03-27,758.3701115383363
2006-03-28,749.2090552439851
2006-03-29,755.7000652119162
2006-03-30,762.6663758076133
2006-03-31,769.8388761408937
2006-04-03,791.4265325936861
2006-04-04,791.787449988437
2006-04-05,811.0675683312351
2006-04-07,802.2927279930343
2006-04-10,805.8288797505984
2006-04-12,793.5403599204125
2006-04-13,774.1055330632969
2006-04-17,786.3407877798668
2006-04-18,802.3974608739842
2006-04-19,805.4614714221123
2006-04-20,813.8726699960337
2006-04-21,812.7985697766511
2006-04-24,809.8507022411213
2006-04-25,793.1527380680764
2006-04-26,811.5272870908053
2006-04-27,805.1534446264982
2006-04-28,804.5286335744165
2006-05-02,828.4194338166986
2006-05-03,832.0590988196863
2006-05-04,826.2681601965883
2006-05-05,829.1542378854429
2006-05-08,834.2436511033754
2006-05-09,841.0322046727313
2006-05-10,844.5105222698163
2006-05-11,843.6654683443112
2006-05-12,838.2501409880311
2006-05-15,813.0618442877205
2006-05-16,816.5761319390259
2006-05-17,842.0520261827046
2006-05-18,780.7792685967103
2006-05-19,749.3728030185854
2006-05-22,707.6853265817339
2006-05-23,736.5197801490542
2006-05-24,725.8931826849846
2006-05-25,717.9351627040085
2006-05-26,737.6950055711052
2006-05-29,741.7303536644004
2006-05-30,738.2647492501391
2006-05-31,724.281699494647
2006-06-01,695.8534421289609
2006-06-02,702.3483279893985
2006-06-05,689.7910521887065
2006-06-06,667.4611271665193
2006-06-07,627.9500216866965
2006-06-08,578.8763729018833
2006-06-09,616.4250955422874
2006-06-12,603.7712283757784
2006-06-13,569.820535207565
2006-06-14,554.9598054242233
2006-06-15,590.2999377495685
2006-06-16,609.5306489737756
2006-06-19,637.4686359677653
2006-06-20,631.2456674189365
2006-06-21,643.4081725541944
2006-06-22,654.9840664826955
2006-06-23,660.2410106080665
2006-06-26,633.4904883955636
2006-06-27,633.5355432541036
2006-06-28,637.0911963350737
2006-06-29,636.4230305368214
2006-06-30,659.4051683751011
2006-07-03,661.7799735976013
2006-07-04,660.5965056826573
2006-07-05,673.67193484455
2006-07-06,667.5748116013151
2006-07-07,656.5454144831509
2006-07-10,665.1649167423386
2006-07-11,668.7661143543955
2006-07-12,676.602070084973
2006-07-13,674.5593854624635
2006-07-14,669.8942958675538
2006-07-17,652.9868294758279
2006-07-18,642.9477741640094
2006-07-19,618.172362334664
2006-07-20,632.5121063972741
2006-07-21,616.1646421667575
2006-07-24,609.9527919835514
2006-07-25,624.1820503794017
2006-07-26,635.0915116730266
2006-07-27,644.3326990576992
2006-07-28,650.6293537987508
2006-07-31,655.103417459137
2006-08-01,653.5701302342151
2006-08-02,662.6169682987482
2006-08-03,665.212490418829
2006-08-04,665.9883336357831
2006-08-07,664.6405319695656
2006-08-08,675.3051375130229
2006-08-09,685.7013723730404
2006-08-10,687.6354289688912
2006-08-11,697.7354493908236
2006-08-14,712.1497457204523
2006-08-16,716.573484734289
2006-08-17,712.6944267595954
2006-08-18,710.8232705980125
2006-08-21,713.7306091881233
2006-08-22,715.2766780890925
2006-08-23,706.6065968674586
2006-08-24,709.8769350372761
2006-08-25,715.8631128058682
2006-08-28,717.5108234140131
2006-08-29,718.8534877617225
2006-08-30,715.6921752268688
2006-08-31,710.3373817437911
2006-09-01,719.3711564537501
2006-09-04,732.886321831583
2006-09-05,733.0485792049063
2006-09-06,734.474781268512
2006-09-07,726.3468561265391
2006-09-08,728.4331928351367
2006-09-11,707.8502322665844
2006-09-12,713.737755808852
2006-09-13,721.9538989455168
2006-09-14,724.8703682041706
2006-09-15,727.4325611719987
2006-09-18,726.9108431224656
2006-09-19,718.1533789206121
2006-09-20,723.8116144501241
2006-09-21,734.0032133176308
2006-09-22,735.7097204820018
2006-09-25,731.011264026103
2006-09-26,735.7442815038919
2006-09-27,721.7503906788421
2006-09-28,743.2364513502947
2006-09-29,753.7012238335857
2006-10-03,753.7894577078329
2006-10-04,750.7708234666281
2006-10-05,761.774464346344
2006-10-06,766.508907297803
2006-10-09,771.8296765126707
2006-10-10,767.99254181667
2006-10-11,761.6559509277406
2006-10-12,768.3556809324889
2006-10-13,769.0476421634826
2006-10-16,773.5427185788442
2006-10-17,769.9381546368877
2006-10-18,761.108719300857
2006-10-19,754.3550711549935
2006-10-20,754.8991236981781
2006-10-23,756.8752925476409
2006-10-26,759.6089860868847
2006-10-27,765.7294368210373
2006-10-30,774.3818832405228
2006-10-31,766.8393008865238
2006-11-01,775.266900232838
2006-11-02,781.4654899962452
2006-11-03,787.4723597463168
2006-11-06,792.0728299000664
2006-11-07,785.2178706766424
2006-11-08,771.6289885234145
2006-11-09,775.7120346967263
2006-11-10,779.3715181268649
2006-11-13,784.568395017947
2006-11-14,776.9166411209068
2006-11-15,774.7020005489177
2006-11-16,778.3267828057017
2006-11-17,769.8706716335689
2006-11-20,762.4107212480445
2006-11-21,769.3460846995748
2006-11-22,777.5089705430931
2006-11-23,779.6648351964623
2006-11-24,779.3802431988744
2006-11-27,785.0258278440044
2006-11-28,777.683677203011
2006-11-29,789.6874026717882
2006-11-30,789.7953726482448
2006-12-01,796.8087738242893
2006-12-04,807.1928520228048
2006-12-05,810.6144612769805
2006-12-06,802.3591381593233
2006-12-07,806.3656767035511
2006-12-08,797.0601202168458
2006-12-11,780.1864914876335
2006-12-12,755.1686019426115
2006-12-13,768.3005395318669
2006-12-14,780.4670289533825
2006-12-15,788.7857157741868
2006-12-18,788.9887418240517
2006-12-19,782.6218186257689
2006-12-20,778.6566925262413
2006-12-21,781.3847922606305
2006-12-22,789.3649370008308
2006-12-26,799.8420495576423
2006-12-27,808.6147808938143
2006-12-28,809.5103021541821
2006-12-29,819.599255206425
2007-01-02,828.4082023107043
2007-01-03,827.100788708934
2007-01-04,826.5322325773918
2007-01-05,822.2441065581847
2007-01-08,808.6008021842155
2007-01-09,805.6674025292998
2007-01-10,792.7283292822774
2007-01-11,803.84240705733
2007-01-12,829.5888649989689
2007-01-15,844.9998491372431
2007-01-16,850.4178852161707
2007-01-17,853.4593981328899
2007-01-18,852.3764527625767
2007-01-19,850.8140408350079
2007-01-22,851.4049376799749
2007-01-23,831.4633321869709
2007-01-24,832.3980983677554
2007-01-25,840.8343392440019
2007-01-29,831.5239937347537
2007-01-31,829.3621387738306
2007-02-01,844.5086378967704
2007-02-02,854.4848397766178
2007-02-05,851.5609498189832
2007-02-06,849.0001825902496
2007-02-07,856.7455110458208
2007-02-08,856.4446471782975
2007-02-09,847.0460393911494
2007-02-12,812.0404965446409
2007-02-13,804.1182359384729
2007-02-14,797.3840806999881
2007-02-15,823.2059400916345
2007-02-19,823.0132525144128
2007-02-20,810.2218962517902
2007-02-21,811.7613279529328
2007-02-22,794.7584892134652
2007-02-23,766.5592769244882
2007-02-26,774.2839473623139
2007-02-27,774.0458337999818
2007-02-28,740.9081320147559
2007-03-01,744.8315063715687
2007-03-02,730.4497945997491
2007-03-05,697.5463468200387
2007-03-06,701.7132749903901
2007-03-07,683.2277076105678
2007-03-08,714.3843917661916
2007-03-09,708.4844145231851
2007-03-12,707.9252389432976
2007-03-13,717.8823592898304
2007-03-14,697.1526121185783
2007-03-15,696.1534966459625
2007-03-16,688.6312057553527
2007-03-19,699.7085225622557
2007-03-20,709.7115438986395
2007-03-21,721.7811632813371
2007-03-22,737.3246240382589
2007-03-23,740.3951170210214
2007-03-26,731.679994219531
2007-03-28,718.8628711929617
2007-03-29,718.3784962642743
2007-03-30,725.2060257838871
2007-04-02,693.0240232687095
2007-04-03,700.9836378571326
2007-04-04,708.8559619582015
2007-04-05,717.8108866902107
2007-04-09,738.7597797252043
2007-04-10,743.5619833748224
2007-04-11,742.604061084702
2007-04-12,736.5754631565253
2007-04-13,749.5393595967608
2007-04-16,767.790299829576
2007-04-17,763.4443853764401
2007-04-18,770.4266530730409
2007-04-19,766.9459932283086
2007-04-20,775.4770424866033
2007-04-23,773.7339811006749
2007-04-24,794.8428872509692
2007-04-25,794.8942304952852
2007-04-26,798.4184186167967
2007-04-27,784.2737431326502
2007-04-30,788.3889770886153
2007-05-03,802.1823375013087
2007-05-04,796.725004331831
2007-05-07,794.2023062524516
2007-05-08,785.5236876674878
2007-05-09,792.250958797983
2007-05-10,790.9428575237051
2007-05-11,790.3977604013386
2007-05-14,804.4389466773679
2007-05-15,809.6541023202054
2007-05-16,817.9810776301111
2007-05-17,829.2751299388601
2007-05-18,828.4495618071111
2007-05-21,832.4494255595439
2007-05-22,844.1501163273637
2007-05-23,839.1714352986452
2007-05-24,837.1291992840095
2007-05-25,840.3506770472578
2007-05-28,848.1646260778118
2007-05-29,851.7554455630474
2007-05-30,839.9044340677463
2007-05-31,854.2762238370113
2007-06-01,856.2661088823478
2007-06-04,852.4031088142026
2007-06-05,856.767798705881
2007-06-06,841.6294382406679
2007-06-07,832.5396867081815
2007-06-08,825.0843755606024
2007-06-11,823.7173846446824
2007-06-12,824.1357408944478
2007-06-13,817.7229667954044
2007-06-14,830.5855923895913
2007-06-15,831.5222987840347
2007-06-18,836.9078212613385
2007-06-19,851.1829406983695
2007-06-20,874.7230147101166
2007-06-21,879.4115775865215
2007-06-22,876.5576881887299
2007-06-25,880.0369335029061
2007-06-26,880.4286836248198
2007-06-27,876.0790819051537
2007-06-28,914.83894018501
2007-06-29,932.7298247316796
2007-07-02,943.8908278836893
2007-07-03,955.5867195047937
2007-07-04,953.9772197974434
2007-07-05,951.1864059784097
2007-07-06,952.9082359662841
2007-07-09,962.5519015581053
2007-07-10,955.4801925069155
2007-07-11,961.6740040785924
2007-07-12,977.2153463884083
2007-07-13,992.156460252623
2007-07-16,991.0779791052373
2007-07-17,979.9531923370383
2007-07-18,982.3840962575568
2007-07-19,995.1099511754677
2007-07-20,997.4781028353117
2007-07-23,1009.7815293653158
2007-07-24,1003.3675354797282
2007-07-25,998.7738737502543
2007-07-26,1005.1355537284963
2007-07-27,974.3573943695164
2007-07-30,974.5056757906135
2007-07-31,996.5164426817614
2007-08-01,947.6222243775213
2007-08-02,957.3959633274868
2007-08-03,972.8302124936821
2007-08-06,964.6982891503249
2007-08-07,969.1172466145528
2007-08-08,982.6637031260295
2007-08-09,963.15598958515
2007-08-10,955.1562874661921
2007-08-13,959.8508019283543
2007-08-14,958.8056047680606
2007-08-16,916.4475551505387
2007-08-17,894.0903644354179
2007-08-20,914.913857244575
2007-08-21,877.9318550781207
2007-08-22,884.727378679966
2007-08-23,872.8605616582395
2007-08-24,895.7095472953321
2007-08-27,927.3870399870397
2007-08-28,936.1262322716158
2007-08-29,944.9311526068395
2007-08-30,945.7915584708605
2007-08-31,974.7703524158952
2007-09-03,998.6508510312075
2007-09-04,999.8634147111599
2007-09-05,996.7570936807306
2007-09-06,1006.3835127742018
2007-09-07,1007.74018073044
2007-09-10,1036.6923272286995
2007-09-11,1037.79496560902
2007-09-12,1045.3571426011551
2007-09-13,1055.8488419973103
2007-09-14,1050.4716877108513
2007-09-17,1059.0073191089177
2007-09-18,1070.8459193232675
2007-09-19,1095.471441186534
2007-09-20,1105.9158902196828
2007-09-21,1113.159042310221
2007-09-24,1138.1250647438228
2007-09-25,1152.8004725552657
2007-09-26,1152.0266134788299
2007-09-27,1147.9473572681422
2007-09-28,1177.675330267275
2007-10-01,1192.3720579532155
2007-10-03,1198.528319096605
2007-10-04,1210.1329879920231
2007-10-05,1193.0716220713637
2007-10-08,1143.0465951885676
2007-10-09,1189.0776392767827
2007-10-10,1216.1195657161736
2007-10-11,1238.3352459967873
2007-10-12,1228.7059716706653
2007-10-15,1286.8440799578827
2007-10-16,1292.665420709718
2007-10-17,1252.9106078477023
2007-10-18,1198.528868177304
2007-10-19,1151.4290841172024
2007-10-22,1156.77097246156
2007-10-23,1233.6434720806585
2007-10-24,1250.7281202571974
2007-10-25,1268.7475047134442
2007-10-26,1308.4277913243368
2007-10-29,1342.2480394127226
2007-10-30,1330.5793836969747
2007-10-31,1349.166430898803
2007-11-01,1322.9634891192218
2007-11-02,1329.477523081809
2007-11-05,1331.5480196885378
2007-11-06,1309.0694482617519
2007-11-07,1292.6891813275224
2007-11-08,1271.689938145261
2007-11-12,1260.605489207782
2007-11-13,1295.4542186103936
2007-11-14,1331.1601509170825
2007-11-15,1347.1031268043566
2007-11-16,1343.785709397241
2007-11-19,1366.7292144888977
2007-11-20,1358.6409207083905
2007-11-21,1284.684668004531
2007-11-22,1273.105032738771
2007-11-23,1311.6562084189984
2007-11-26,1361.7794242812167
2007-11-27,1355.0731538594175
2007-11-28,1334.2200687686936
2007-11-29,1323.9149946774173
2007-11-30,1382.931126680477
2007-12-03,1423.3310470226324
2007-12-04,1443.8244631926364
2007-12-05,1468.8671238056584
2007-12-06,1464.5448705727038
2007-12-07,1461.011565405421
2007-12-10,1472.074838600275
2007-12-11,1499.3203552384841
2007-12-12,1527.4123215784668
2007-12-13,1527.4329367343446
2007-12-14,1527.8957380165357
2007-12-17,1438.4934692710149
2007-12-18,1427.006500117609
2007-12-19,1420.8686491310207
2007-12-20,1407.9425353790978
2007-12-24,1431.6537389717228
2007-12-26,1463.536257987859
2007-12-27,1459.628558210926
2007-12-28,1494.3993948486711
2007-12-31,1527.257152850913
2008-01-01,1552.6762350144388
2008-01-02,1583.8648851489706
2008-01-03,1585.0688900267514
2008-01-04,1587.0566317486796
2008-01-07,1581.452410262423
2008-01-08,1545.1307763315378
2008-01-09,1523.5584413519653
2008-01-10,1474.251230457543
2008-01-11,1467.9578416080603
2008-01-14,1497.9767879562403
2008-01-15,1481.7799994517209
2008-01-16,1461.3367249039648
2008-01-17,1481.9064304086296
2008-01-18,1397.9657164284513
2008-01-21,1211.4351679358153
2008-01-22,1119.018992718115
2008-01-23,1219.176937448703
2008-01-24,1153.3909015892216
2008-01-25,1252.7531932493991
2008-01-28,1248.7765547148088
2008-01-29,1242.1711375378802
2008-01-30,1201.5129776827014
2008-01-31,1187.847513850257
2008-02-01,1194.0979414092574
2008-02-04,1238.6766861458605
2008-02-05,1267.2391921853991
2008-02-06,1244.8458917509024
2008-02-07,1201.6938811777738
2008-02-08,1169.0473521065103
2008-02-11,1098.063150799346
2008-02-12,1087.5182620477153
2008-02-13,1098.1714008234196
2008-02-14,1168.7060604528494
2008-02-15,1192.5893987941995
2008-02-18,1204.801681656014
2008-02-19,1212.3610019013809
2008-02-20,1178.3745430208792
2008-02-21,1189.880820860485
2008-02-22,1174.204332911612
2008-02-25,1170.8850626613446
2008-02-26,1182.8537359138927
2008-02-27,1186.8810001773827
2008-02-28,1184.8824432641431
2008-02-29,1175.4228837873345
2008-03-03,1106.8699737586367
2008-03-04,1078.4025566770104
2008-03-05,1070.032078191772
2008-03-07,1016.5524534178991
2008-03-10,1014.0590493984669
2008-03-11,1057.0998245902956
2008-03-12,1056.0845467704414
2008-03-13,976.8753631959963
2008-03-14,994.7941324163983
2008-03-17,917.6851218121674
2008-03-18,906.6775694858856
2008-03-19,904.5903312983006
2008-03-24,873.83326228803
2008-03-25,944.7743496509703
2008-03-26,954.201192191415
2008-03-27,957.558264259851
2008-03-28,997.9962276924684
2008-03-31,968.8835244829904
2008-04-01,950.6000724942805
2008-04-02,948.8430923464824
2008-04-03,939.756650536854
2008-04-04,910.9482046908797
2008-04-07,925.0985035654685
2008-04-08,921.6342710373846
2008-04-09,939.493380444442
2008-04-10,943.8101350043607
2008-04-11,953.4700498999428
2008-04-15,971.9569193516263
2008-04-16,990.3259101011577
2008-04-17,1009.8500593063695
2008-04-21,1034.8493259206273
2008-04-22,1060.0353433203907
2008-04-23,1063.0091637167375
2008-04-24,1061.9058831036023
2008-04-25,1074.4578035517516
2008-04-28,1075.7529330674429
2008-04-29,1093.8552377917304
2008-04-30,1094.7470090343652
2008-05-02,1115.3312926601786
2008-05-05,1124.4357781387646
2008-05-06,1103.4984238536576
2008-05-07,1089.4428395738869
2008-05-08,1076.1593311765073
2008-05-09,1046.9839182948997
2008-05-12,1041.3029463431008
2008-05-13,1044.5870697687399
2008-05-14,1054.188074066924
2008-05-15,1081.743740036583
2008-05-16,1094.1323218674527
2008-05-20,1081.6149619793125
2008-05-21,1090.2888727497652
2008-05-22,1068.6977422943148
2008-05-23,1055.1447297660088
2008-05-26,1026.3036895274618
2008-05-27,1016.7484539305682
2008-05-28,1029.2385150433179
2008-05-29,1042.1451100450433
2008-05-30,1054.0142639737144
2008-06-02,1024.7558488530692
2008-06-03,1022.8987474757364
2008-06-04,983.532371399308
2008-06-05,996.1172682041515
2008-06-06,988.4687146345881
2008-06-09,962.0290169553175
2008-06-10,957.2412214834065
2008-06-11,970.8922829448212
2008-06-12,971.8889188800903
2008-06-13,966.4761493957901
2008-06-16,980.866368976387
2008-06-17,1004.5875415860803
2008-06-18,989.5984320168025
2008-06-19,966.5159889299701
2008-06-20,930.877185027825
2008-06-23,886.9156323429952
2008-06-24,863.1386784820186
2008-06-25,876.7234087535503
2008-06-26,882.8370213668226
2008-06-27,852.0055600359503
2008-06-30,817.3860696649294
2008-07-01,779.1703986019803
2008-07-02,813.8205766801464
2008-07-03,775.9432166853029
2008-07-04,785.3853525152782
2008-07-07,801.4752042147848
2008-07-08,795.5209617740838
2008-07-09,819.3762188771684
2008-07-10,824.1086531759677
2008-07-11,811.3596096576983
2008-07-14,812.2329267338534
2008-07-15,778.1571864594797
2008-07-16,766.4430660123804
2008-07-17,775.3968893425887
2008-07-18,782.3904908922265
2008-07-21,793.6926364000853
2008-07-22,815.6575105773887
2008-07-23,855.3382407229803
2008-07-24,848.4386502359287
2008-07-25,846.5641102239923
2008-07-28,853.5700657828122
2008-07-29,840.9547682693162
2008-07-30,862.4393587241184
2008-07-31,863.4843393189616
2008-08-01,885.1465131444478
2008-08-04,905.6579691250676
2008-08-05,903.8810626863625
2008-08-06,888.3211837877849
2008-08-07,885.8610216731631
2008-08-08,890.8141896237631
2008-08-11,902.3275535692161
2008-08-12,890.7848516964975
2008-08-13,887.0375336384991
2008-08-14,880.7255961175349
2008-08-18,869.2795251013382
2008-08-19,865.9583357182798
2008-08-20,876.3150300587677
2008-08-21,858.0572174232657
2008-08-22,864.9013492324832
2008-08-25,858.6568001322213
2008-08-26,856.4382117121418
2008-08-27,848.6061123863062
2008-08-28,834.3024161591507
2008-08-29,853.4438021374189
2008-09-01,850.3564235863879
2008-09-02,861.5546269741931
2008-09-04,852.046977488319
2008-09-05,839.7658873946376
2008-09-08,852.0654063750279
2008-09-09,846.3820235352682
2008-09-10,833.2850635125283
2008-09-11,818.7163129173554
2008-09-12,807.7918860868426
2008-09-15,776.1594263362354
2008-09-16,767.2058094244352
2008-09-17,751.3956845981439
2008-09-18,738.1154559229323
2008-09-19,758.1355840310321
2008-09-22,765.3775564633513
2008-09-23,757.7151023811023
2008-09-24,762.1428143131021
2008-09-25,749.5961420506549
2008-09-26,733.7974261946921
2008-09-29,697.1494080477949
2008-09-30,700.1534238143354
2008-10-01,707.4718112018558
2008-10-03,677.8389266228919
2008-10-06,622.2235840173546
2008-10-07,610.9648693555312
2008-10-08,582.1751626836385
2008-10-10,540.2493816446712
2008-10-13,564.7064880361197
2008-10-14,578.2698644177673
2008-10-15,547.4068557442102
2008-10-16,541.2108088001376
2008-10-17,517.6646545167043
2008-10-20,520.9132382888542
2008-10-21,541.726184665419
2008-10-22,523.069369875861
2008-10-23,495.6736481448993
2008-10-24,450.62437901062356
2008-10-27,424.58391042681313
2008-10-29,449.64208209989096
2008-10-31,474.5424026431968
2008-11-03,487.8488282202865
2008-11-04,506.15070202851314
2008-11-05,496.78755171297456
2008-11-06,482.6910984201331
2008-11-07,488.90151927326974
2008-11-10,514.6664078395027
2008-11-11,491.0599198960872
2008-11-12,481.6177919852234
2008-11-14,473.72520117401
2008-11-17,463.2883005368588
2008-11-18,448.0387095496992
2008-11-19,440.0667241459235
2008-11-20,425.45154657773037
2008-11-21,427.65909052021755
2008-11-24,427.4923345045668
2008-11-25,424.3511591610132
2008-11-26,428.73546753840935
2008-11-27,428.73546753840935
2008-11-28,430.9354842503315
2008-12-01,420.58910368393003
2008-12-02,419.6183078082409
2008-12-03,420.91499292390745
2008-12-04,436.5123948231974
2008-12-05,429.8566314554499
2008-12-08,434.3358804357036
2008-12-10,447.6341129446421
2008-12-11,449.45505886555503
2008-12-12,452.33278730784053
2008-12-15,465.1749569587867
2008-12-16,475.6118588332637
2008-12-17,462.92950492767443
2008-12-18,470.33015717193035
2008-12-19,475.64566791748916
2008-12-22,468.9412670114507
2008-12-23,461.95079853183887
2008-12-24,457.7821840275489
2008-12-26,454.9468169502311
2008-12-29,459.28310691386656
2008-12-30,466.738496875449
2008-12-31,472.53767606692963
2009-01-02,479.1866386521399
2009-01-05,477.41012430560806
2009-01-06,476.26049350014637
2009-01-07,457.4686537625849
2009-01-09,461.39122174619644
2009-01-12,452.6863545887417
2009-01-13,452.26371339601974
2009-01-14,458.44500139920007
2009-01-15,449.8073352092792
2009-01-16,458.7517291249767
2009-01-19,458.95042135276344
2009-01-20,458.0485118168814
2009-01-21,451.23840297842725
2009-01-22,450.5441428937672
2009-01-23,444.6658413973698
2009-01-27,448.93687345749794
2009-01-28,450.60340149156906
2009-01-29,451.8661985295861
2009-01-30,455.76096488372553
2009-02-02,448.9645202950622
2009-02-03,448.24043105805873
2009-02-04,448.360881938457
2009-02-05,447.19494382954355
2009-02-06,451.8974286049992
2009-02-09,456.6493655050062
2009-02-10,460.0557470685709
2009-02-11,460.3459451879195
2009-02-12,460.9586051644494
2009-02-13,462.7936632128242
2009-02-16,453.10622550835535
2009-02-17,444.5425491515947
2009-02-18,446.0257230298049
2009-02-19,447.4696899731974
2009-02-20,441.93556432873197
2009-02-24,436.011099649389
2009-02-25,435.4819657879461
2009-02-26,434.80507480542667
2009-02-27,439.377915844153
2009-03-02,431.7940630846718
2009-03-03,425.02879285600255
2009-03-04,426.8969682304944
2009-03-05,417.4898206641534
2009-03-06,416.98875632976694
2009-03-09,406.91219655043227
2009-03-12,412.62491205736484
2009-03-13,415.724349189048
2009-03-16,423.7577511223577
2009-03-17,422.84574550629975
2009-03-18,423.8118848419108
2009-03-19,424.6219080550184
2009-03-20,421.6492220243049
2009-03-23,434.16710536500585
2009-03-24,434.78245386925306
2009-03-25,436.0477207152332
2009-03-26,446.68035897591534
2009-03-27,458.1708507926276
2009-03-30,451.00028598846416
2009-03-31,458.4743468041953
2009-04-01,454.4651546458486
2009-04-02,462.8991141667051
2009-04-06,461.19635907374305
2009-04-08,472.185260303283
2009-04-09,473.7296614343402
2009-04-13,478.5065796855632
2009-04-15,492.54699842173125
2009-04-16,490.54864952629424
2009-04-17,494.5255127251762
2009-04-20,493.46726753519783
2009-04-21,491.41276181899525
2009-04-22,488.20366047326894
2009-04-23,494.3703711270326
2009-04-24,501.50826953634805
2009-04-27,500.7242340078104
2009-04-28,489.02278092282523
2009-04-29,498.20014778933864
2009-04-30,497.4844875903089
2009-05-04,507.9159132929742
2009-05-05,507.54623410585214
2009-05-06,501.0209334004212
2009-05-07,505.3682088486272
2009-05-08,503.7175819706464
2009-05-11,500.29910235199276
2009-05-12,506.3273139997608
2009-05-13,506.551564590555
2009-05-14,508.3833866895675
2009-05-15,514.1813770496954
2009-05-18,578.010351941537
2009-05-19,568.9215087215272
2009-05-20,573.2875764691935
2009-05-21,574.6199286251423
2009-05-22,577.6450214812021
2009-05-25,588.2120665988535
2009-05-26,577.3990461675261
2009-05-27,585.449720839957
2009-05-28,586.2973512731206
2009-05-29,593.9833338683565
2009-06-01,604.4751291574294
2009-06-02,604.5018130822604
2009-06-03,608.6782090090711
2009-06-04,615.9732884239329
2009-06-05,618.8906760812708
2009-06-08,599.6807743607026
2009-06-09,611.0728434552349
2009-06-10,621.6778205807625
2009-06-11,620.0080954820119
2009-06-12,610.5157148565856
2009-06-15,608.8905740823842
2009-06-16,617.3237704948591
2009-06-17,603.7104979680979
2009-06-18,594.2738973380622
2009-06-19,604.4368610491193
2009-06-22,602.582251310453
2009-06-23,601.0776633872434
2009-06-24,611.9435277928957
2009-06-25,606.650769613111
2009-06-26,610.7263220001455
2009-06-29,617.6583663623804
2009-06-30,610.436499432715
2009-07-01,621.3427448644669
2009-07-02,624.1524418681312
2009-07-03,627.232060228746
2009-07-06,593.7126486066309
2009-07-07,602.8435973855603
2009-07-08,590.7945416923703
2009-07-09,597.1771636361714
2009-07-10,582.0480550451488
2009-07-13,568.310700494618
2009-07-14,593.5828131738778
2009-07-15,617.9900507467341
2009-07-16,619.4783763721322
2009-07-17,636.8787321753864
2009-07-20,651.4670495059466
2009-07-21,651.6765847905731
2009-07-22,641.1497574982257
2009-07-23,655.2949676680506
2009-07-24,664.7976894398114
2009-07-27,674.741131383524
2009-07-28,679.9269190428963
2009-07-29,671.1801369830982
2009-07-30,676.0362033198032
2009-07-31,679.7489719988133
2009-08-03,695.985998432025
2009-08-04,695.5530968424516
2009-08-05,694.5867889604223
2009-08-06,674.5276092126696
2009-08-07,658.8351187125627
2009-08-10,643.3013147736943
2009-08-11,647.1982506010078
2009-08-12,650.5774826996822
2009-08-13,676.6194976103051
2009-08-14,671.2684057130444
2009-08-17,643.1185657731529
2009-08-18,659.087157182365
2009-08-19,647.5847813633532
2009-08-20,655.706229065036
2009-08-21,663.1835530105864
2009-08-24,679.7271547196037
2009-08-25,681.7131834160226
2009-08-26,687.5784849112666
2009-08-27,688.6019740523108
2009-08-28,692.7395609145268
2009-08-31,694.6613632756774
2009-09-01,686.8206815002397
2009-09-02,684.5625048896418
2009-09-03,683.9647261538008
2009-09-04,693.2005701629096
2009-09-07,711.5252443565262
2009-09-08,711.9532315911853
2009-09-09,707.0582416107069
2009-09-10,701.5510464851238
2009-09-11,697.2066097983487
2009-09-14,696.3508506552837
2009-09-15,712.8276326418795
2009-09-16,727.0693399840302
2009-09-17,725.9015264300835
2009-09-18,740.9970149546654
2009-09-22,751.7758674647359
2009-09-23,742.1235621648053
2009-09-24,737.629380944607
2009-09-25,737.9690066065406
2009-09-29,739.8788289339682
2009-09-30,750.6536507580747
2009-10-01,753.916364818205
2009-10-05,743.8971183910933
2009-10-06,744.7149034739579
2009-10-07,744.7344118111326
2009-10-08,747.062600025376
2009-10-09,747.8686374127878
2009-10-12,756.0891916524466
2009-10-13,755.6222639168172
2009-10-14,772.4256060992839
2009-10-15,774.0906299811596
2009-10-16,771.888105067361
2009-10-20,774.5171479279287
2009-10-21,768.0054016790709
2009-10-22,751.3062532201969
2009-10-23,759.0202396368195
2009-10-26,752.6777173553679
2009-10-27,728.8721613150456
2009-10-28,725.8833191690076
2009-10-29,702.7674281016588
2009-10-30,703.7018044127449
2009-11-03,681.2748300706123
2009-11-04,704.5946884672496
2009-11-05,720.6378674609767
2009-11-06,735.9634198930125
2009-11-09,756.4805827170891
2009-11-10,758.9242728199548
2009-11-11,782.0871418885185
2009-11-12,771.9837733333119
2009-11-13,776.8341312121614
2009-11-16,782.8859654057921
2009-11-17,785.9624223825731
2009-11-18,788.1745229121256
2009-11-19,773.632009511682
2009-11-20,782.7866457668406
2009-11-23,785.5733781769907
2009-11-24,786.4102579079656
2009-11-25,788.1852016704715
2009-11-26,778.3090098515742
2009-11-27,773.6093663141368
2009-11-30,785.7429941519412
2009-12-01,801.402586953172
2009-12-02,801.8062399117134
2009-12-03,806.0531328566252
2009-12-04,804.7141141950038
2009-12-07,794.2425423705151
2009-12-08,804.5820354613455
2009-12-09,803.6253580538631
2009-12-10,800.7628665536961
2009-12-11,799.4511233502354
2009-12-14,797.7109664909624
2009-12-15,788.4043906583613
2009-12-16,790.6494891510204
2009-12-17,796.1274037671034
2009-12-18,791.4796724845136
2009-12-21,783.9000013652708
2009-12-22,791.7509532074712
2009-12-23,807.1091418340516
2009-12-24,810.0294251242552
2009-12-29,814.175679241633
2009-12-30,816.3716269536925
2009-12-31,821.334752527931
2010-01-04,829.2609905234754
2010-01-05,837.6515757738375
2010-01-06,839.3190296785037
2010-01-07,833.4551538879466
2010-01-08,831.8812181552912
2010-01-11,839.0820958808076
2010-01-12,835.1816348921541
2010-01-13,841.7432270474012
2010-01-14,850.0329839066874
2010-01-15,856.0291544633772
2010-01-18,857.4200763886683
2010-01-19,850.5714252716225
2010-01-20,846.5296039835083
2010-01-21,828.2695652449667
2010-01-22,824.807372846457
2010-01-25,811.7260044062231
2010-01-27,777.9974187368327
2010-01-28,786.5056331099516
2010-01-29,784.7070750031522
2010-02-01,797.9331862089706
2010-02-02,790.6368772517025
2010-02-03,805.6693926710498
2010-02-04,789.6432485069954
2010-02-05,774.374341161028
2010-02-08,780.4208424898789
2010-02-09,786.2569668093115
2010-02-10,783.207612452313
2010-02-11,793.8498694825751
2010-02-15,793.200302259117
2010-02-16,801.4519806782404
2010-02-17,811.0614624097221
2010-02-18,804.510173522393
2010-02-19,792.1505252097905
2010-02-22,792.604911062764
2010-02-23,792.4686216307016
2010-02-24,787.767063006912
2010-02-25,778.9115266642839
2010-02-26,790.0314841055679
2010-03-02,807.0169010637884
2010-03-03,824.345347996345
2010-03-04,837.5625746514413
2010-03-05,839.9199993888235
2010-03-08,845.21564247016
2010-03-09,839.2728881267644
2010-03-10,830.7834655274553
2010-03-11,827.7341420275108
2010-03-12,830.3720161247592
2010-03-15,828.6053514435174
2010-03-16,836.0009216581974
2010-03-17,840.1432439390561
2010-03-18,842.7344749530906
2010-03-19,848.3820552993212
2010-03-22,841.4205738655501
2010-03-23,843.3981137708715
2010-03-25,844.5499534108642
2010-03-26,847.9349786636232
2010-03-29,846.8813523860176
2010-03-30,840.4486338209676
2010-03-31,844.483544521398
2010-04-01,849.6219935845057
2010-04-05,857.329006754833
2010-04-06,852.7711708791594
2010-04-07,857.5394654987382
2010-04-08,855.0949773059651
2010-04-09,855.6146519199787
2010-04-12,850.4040429331278
2010-04-13,848.5814282229225
2010-04-15,847.2758339436784
2010-04-16,845.8742262233116
2010-04-19,835.2948148881534
2010-04-20,842.3172559629385
2010-04-21,848.491845634983
2010-04-22,848.8633053800363
2010-04-23,849.9636297698928
2010-04-26,856.0320772063678
2010-04-27,850.4973120321996
2010-04-28,842.1920664505792
2010-04-29,852.1274478068005
2010-04-30,858.61474013875
2010-05-03,849.2528646732115
2010-05-04,831.9919869491222
2010-05-05,830.2649185344176
2010-05-06,832.2710287326448
2010-05-07,812.905256829369
2010-05-10,836.9817908027933
2010-05-11,824.9555530625838
2010-05-12,829.7090833665228
2010-05-13,838.5992793537816
2010-05-14,830.6352016093284
2010-05-17,827.9503800361686
2010-05-18,824.7743722790694
2010-05-19,798.63935239632
2010-05-20,800.1307406420997
2010-05-21,791.4175126582696
2010-05-24,791.7826682186494
2010-05-25,765.4639400589564
2010-05-26,778.283780160225
2010-05-27,784.3637537053552
2010-05-28,802.778561273907
2010-05-31,811.3454450394474
2010-06-01,797.225864195166
2010-06-02,804.8033988925844
2010-06-03,815.9014706264552
2010-06-04,815.9102652044394
2010-06-07,804.9319078186377
2010-06-08,801.9464036548238
2010-06-09,805.9579206817093
2010-06-10,816.9912960415223
2010-06-11,819.6327666452135
2010-06-14,821.734700540494
2010-06-15,826.0462570642534
2010-06-16,828.1760186760002
2010-06-17,831.7499484343722
2010-06-18,827.2011404049841
2010-06-21,839.7219329903287
2010-06-22,834.2328594872889
2010-06-23,840.3980477623437
2010-06-24,837.6362048940417
2010-06-25,830.5112340966149
2010-06-28,839.1328300045087
2010-06-29,830.2997471437872
2010-06-30,833.6676461034151
2010-07-01,834.2625799401125
2010-07-02,837.1298913741659
2010-07-05,839.1146695280288
2010-07-06,842.2352929372624
2010-07-07,841.2740725706527
2010-07-08,851.1742531183693
2010-07-09,851.7468945379297
2010-07-12,849.7395888497942
2010-07-13,853.1818326190179
2010-07-14,856.4263287287897
2010-07-15,856.2853811371809
2010-07-16,858.1962050235736
2010-07-19,857.5294982159837
2010-07-20,855.4707923004069
2010-07-21,856.6595032144336
2010-07-22,861.9003682486066
2010-07-23,864.265530488868
2010-07-26,862.4176811792654
2010-07-27,863.5938163048785
2010-07-28,869.5254446584705
2010-07-29,870.7833734963284
2010-07-30,871.7662464765702
2010-08-02,878.2055071198675
2010-08-03,880.007301236081
2010-08-04,881.7037511247418
2010-08-05,879.511611149747
2010-08-06,881.6000479671657
2010-08-09,885.5232695450841
2010-08-10,878.9801431186377
2010-08-11,877.4210350129551
2010-08-12,884.3220253941183
2010-08-13,893.1056883512503
2010-08-16,891.977588900027
2010-08-17,896.7780243501146
2010-08-18,904.631587814816
2010-08-19,912.660231169886
2010-08-20,916.5169228558337
2010-08-23,920.3991519940716
2010-08-24,920.2642790924618
2010-08-25,907.2154384186482
2010-08-26,908.14808902154
2010-08-27,903.8683579132423
2010-08-30,902.6938291529582
2010-08-31,894.5920498788513
2010-09-01,905.5597366503529
2010-09-02,914.9639461847747
2010-09-03,922.8444822171055
2010-09-06,939.7997815552095
2010-09-07,937.1097534260093
2010-09-08,936.5712829799083
2010-09-09,942.6908334762903
2010-09-13,951.1050309801785
2010-09-14,949.7600543846489
2010-09-15,952.3947460009273
2010-09-16,945.6969417323209
2010-09-17,961.2302925102626
2010-09-20,964.15426006843
2010-09-21,957.985065281489
2010-09-22,955.1071461319556
2010-09-23,957.2830004531075
2010-09-24,963.8122828093482
2010-09-27,966.1526111610629
2010-09-28,968.7919521876155
2010-09-29,966.834051893142
2010-09-30,962.8811334966425
2010-10-01,979.9673950674462
2010-10-04,982.5728508163078
2010-10-05,988.5585234205506
2010-10-06,992.6356223105381
2010-10-07,987.4804049614772
2010-10-08,984.8173430616017
2010-10-11,988.9382842655114
2010-10-12,982.9483555925079
2010-10-13,985.4674763651058
2010-10-14,986.9746098899404
2010-10-15,974.981363272195
2010-10-18,972.1242887853878
2010-10-19,972.2382338713637
2010-10-20,974.7874776166123
2010-10-21,979.4131175066699
2010-10-22,979.2857730414664
2010-10-25,986.4209781879479
2010-10-26,986.5609207227147
2010-10-27,985.149942434446
2010-10-28,989.0377063779458
2010-10-29,989.2248663203262
2010-11-01,1003.6559620037385
2010-11-02,1003.3409165041526
2010-11-03,1010.5786045845174
2010-11-04,1015.8776963969989
2010-11-08,1020.220212393814
2010-11-09,1023.733893266177
2010-11-10,1029.054483080055
2010-11-11,1024.9521754654152
2010-11-12,1006.2778935732003
2010-11-15,1011.0564217364224
2010-11-16,998.1957234835263
2010-11-18,991.561206339484
2010-11-19,980.2925101432542
2010-11-22,992.235965756857
2010-11-23,989.7192822719378
2010-11-24,984.5470944764414
2010-11-25,967.2719871039196
2010-11-26,956.6903798746017
2010-11-29,961.8731677830094
2010-11-30,970.3711155124633
2010-12-01,985.0063180324593
2010-12-02,997.3994952916676
2010-12-03,985.7840161319145
2010-12-06,980.4214430375799
2010-12-07,970.7929859430881
2010-12-08,956.0326501253895
2010-12-09,922.7194403668661
2010-12-10,935.686919986262
2010-12-13,948.5564775802951
2010-12-14,960.7898698609877
2010-12-15,945.9446334185285
2010-12-16,945.7978719104957
2010-12-20,942.1571829471895
2010-12-21,943.4655968392556
2010-12-22,943.5728624757769
2010-12-23,942.0968632382056
2010-12-24,945.5457526907342
2010-12-27,946.8450530278167
2010-12-28,946.613829794976
2010-12-29,953.364519512791
2010-12-30,961.9595316466625
2010-12-31,974.264677867107
2011-01-03,976.9281943272642
2011-01-04,966.8127705162079
2011-01-05,954.7076586594147
2011-01-06,944.4944292505215
2011-01-07,917.1753375977075
2011-01-10,895.9313124635188
2011-01-11,897.1495372393165
2011-01-12,917.0343162991006
2011-01-13,907.5018224842829
2011-01-14,892.5178543156551
2011-01-17,888.6559138746958
2011-01-18,899.2525175103652
2011-01-19,902.2262870074578
2011-01-20,909.6481028614205
2011-01-21,908.5734266676649
2011-01-24,915.0510151014645
2011-01-25,905.9965407832517
2011-01-27,891.8015420275807
2011-01-28,868.8553860232532
2011-01-31,880.0441400851956
2011-02-01,860.1989511644936
2011-02-02,862.0035121045653
2011-02-03,868.5134216204457
2011-02-04,855.3992206678446
2011-02-07,849.5813664473196
2011-02-08,833.3324202073298
2011-02-09,809.9731592854793
2011-02-10,813.6478783545097
2011-02-11,834.9008447347004
2011-02-14,863.2142426657408
2011-02-15,871.6637953531915
2011-02-16,872.973388932006
2011-02-17,886.082964242298
2011-02-18,873.8065794241646
2011-02-21,876.7419003520015
2011-02-22,868.8010500269835
2011-02-23,863.1159125546819
2011-02-24,832.7202027230721
2011-02-25,837.6087266297286
2011-02-28,842.270778919496
2011-03-01,871.7553471844506
2011-03-03,873.9281637571623
2011-03-04,876.382792463297
2011-03-07,867.7306889845329
2011-03-08,877.195509253063
2011-03-09,880.9564129541493
2011-03-10,879.3480656353345
2011-03-11,873.9140614932641
2011-03-14,878.0536224674588
2011-03-15,863.678806327811
2011-03-16,876.5232550253124
2011-03-17,872.4579953878231
2011-03-18,864.306773805751
2011-03-21,866.5660308533609
2011-03-22,878.5933480467231
2011-03-23,887.7729115019695
2011-03-24,887.4979318279409
2011-03-25,896.5325691023495
2011-03-28,903.4456849728316
2011-03-29,903.8397533755324
2011-03-30,918.1674081463781
2011-03-31,920.5525875247425
2011-04-01,925.7472596009362
2011-04-04,936.4311490067017
2011-04-05,937.8992005608923
2011-04-06,938.9540018367231
2011-04-07,939.3813095424923
2011-04-08,931.5778325793228
2011-04-11,927.4136378347372
2011-04-13,940.6071483880369
2011-04-15,945.6133455790224
2011-04-18,937.691089830928
2011-04-19,942.7683528587659
2011-04-20,955.5241191343979
2011-04-21,950.6746814329349
2011-04-25,952.9585383317665
2011-04-26,947.686805649543
2011-04-27,947.3183200174449
2011-04-28,944.2003253134882
2011-04-29,932.5899178039481
2011-05-02,916.1959804564656
2011-05-03,894.0261245839522
2011-05-04,895.2989965822953
2011-05-05,881.0701683893961
2011-05-06,901.6288996538726
2011-05-09,902.0985779220055
2011-05-10,900.233352091996
2011-05-11,908.0565459649486
2011-05-12,901.5872940497944
2011-05-13,910.8042005877469
2011-05-16,905.6238554371228
2011-05-17,899.4145784404967
2011-05-18,894.0069471208358
2011-05-19,892.7072024156603
2011-05-20,903.4897443739608
2011-05-23,888.8567172433188
2011-05-24,897.5201908951933
2011-05-25,891.3661569059157
2011-05-26,894.6329491934662
2011-05-27,902.5700910110412
2011-05-30,911.3354948999354
2011-05-31,924.5552240662088
2011-06-01,924.9876242320428
2011-06-02,920.6256700503598
2011-06-03,917.9994980737753
2011-06-06,918.5809526254675
2011-06-07,926.2697652355387
2011-06-08,925.8186197140358
2011-06-09,922.2404498830846
2011-06-10,920.6789757664304
2011-06-13,922.44598678147
2011-06-14,922.9675562822845
2011-06-15,916.3036840704738
2011-06-16,909.8391259816251
2011-06-17,903.6777728519735
2011-06-20,886.9712875493825
2011-06-21,886.3393911548069
2011-06-22,880.2784234658297
2011-06-23,879.781761922602
2011-06-24,890.7608747811397
2011-06-27,898.9884867836216
2011-06-28,903.712220947466
2011-06-29,910.4997578391796
2011-06-30,914.3208671881962
2011-07-01,921.1704006960065
2011-07-04,926.6915717077567
2011-07-05,923.3368522172691
2011-07-06,922.1524320332201
2011-07-07,934.147423260447
2011-07-08,924.0614836553643
2011-07-11,927.786192414233
2011-07-12,923.5634170806491
2011-07-13,930.3559693194021
2011-07-14,933.9870722991287
2011-07-15,934.2262139312321
2011-07-18,938.1069628594067
2011-07-19,942.2586931372078
2011-07-20,932.2548814253137
2011-07-21,938.5570532848491
2011-07-22,947.5889957580946
2011-07-25,951.1278555008839
2011-07-26,945.2508348312251
2011-07-27,952.1874459340695
2011-07-28,949.8030722687682
2011-07-29,947.9957110258212
2011-08-01,946.9235205400472
2011-08-02,939.8468256416264
2011-08-03,930.1838285723537
2011-08-04,922.9709421150237
2011-08-05,907.6452360952692
2011-08-08,897.4815592116695
2011-08-09,894.729127133235
2011-08-10,904.8552108503162
2011-08-11,902.8785434001406
2011-08-12,899.8506496879838
2011-08-16,896.7079177007204
2011-08-17,895.038709795094
2011-08-18,882.715992935515
2011-08-19,869.5935343654393
2011-08-22,882.6897537977627
2011-08-23,891.0783887082096
2011-08-24,885.3950779504236
2011-08-25,877.7212072508064
2011-08-26,863.5983224861274
2011-08-29,876.2692970992673
2011-08-30,886.5772609828517
2011-09-02,894.1891353280356
2011-09-05,896.2845513468922
2011-09-06,898.1269730111799
2011-09-07,903.9788425334121
2011-09-08,902.3382634203259
2011-09-09,896.7542219178979
2011-09-12,884.0035848486569
2011-09-13,880.285874943028
2011-09-14,884.5471835114257
2011-09-15,884.1153126702434
2011-09-16,879.3429060023067
2011-09-19,876.3956993276437
2011-09-20,887.0429363841442
2011-09-21,894.8176436486181
2011-09-22,869.1563919987215
2011-09-23,862.8887360715534
2011-09-26,845.5282516065573
2011-09-27,858.3141752417139
2011-09-28,858.5732674270714
2011-09-29,855.4309241003816
2011-09-30,854.0561366314163
2011-10-03,843.6833157758085
2011-10-04,835.7834072344954
2011-10-05,831.2050833097138
2011-10-07,842.9821749598811
2011-10-10,851.5310201853384
2011-10-11,856.2470060126975
2011-10-12,869.8225920223024
2011-10-13,867.2319595836237
2011-10-14,875.3821021857109
2011-10-17,882.8739568848421
2011-10-18,866.9135751698917
2011-10-19,879.5384905271558
2011-10-20,876.9053678283706
2011-10-21,876.4823373866396
2011-10-24,878.5662733812122
2011-10-25,878.3905008609585
2011-10-28,895.3853532099419
2011-10-31,892.6627011072512
2011-11-01,890.480837934133
2011-11-02,893.1003856793026
2011-11-03,892.6824593064656
2011-11-04,899.7720460171672
2011-11-08,894.2583921139725
2011-11-09,886.1689192038833
2011-11-11,876.3369717044063
2011-11-14,874.8548935862301
2011-11-15,864.5788649064405
2011-11-16,859.459779098731
2011-11-17,847.9356271780813
2011-11-18,842.2354495365784
2011-11-21,832.8478602686296
2011-11-22,829.4423687765902
2011-11-23,818.3509661125713
2011-11-24,823.7278860418468
2011-11-25,824.2254219935047
2011-11-28,836.3988220405138
2011-11-29,834.9951317821669
2011-11-30,832.7159639046616
2011-12-01,839.6986098870915
2011-12-02,849.0723867952145
2011-12-05,847.8301220485653
2011-12-07,845.5447321662564
2011-12-08,841.976005800322
2011-12-09,832.9286031401804
2011-12-12,819.6727200898628
2011-12-13,820.6053082390923
2011-12-14,816.6217943802852
2011-12-15,815.1807453918493
2011-12-16,804.2254923565347
2011-12-19,792.6730598838902
2011-12-20,783.790986384192
2011-12-21,792.3976088322934
2011-12-22,798.9159525839237
2011-12-23,797.1401620774053
2011-12-26,801.7934742824268
2011-12-27,801.9132414014795
2011-12-28,796.8985694471271
2011-12-29,793.9848346949452
2011-12-30,794.0103579973709
2012-01-02,786.6186648174621
2012-01-03,796.5012616369041
2012-01-04,793.7588326846961
2012-01-05,794.7594319406526
2012-01-06,793.005887757151
2012-01-09,799.3368315110074
2012-01-10,808.9835157725188
2012-01-11,815.1986030633288
2012-01-12,812.7389166142898
2012-01-13,811.2550526546275
2012-01-16,813.6432629960775
2012-01-17,825.0834434922572
2012-01-18,820.6998654513675
2012-01-19,823.1250411039487
2012-01-20,821.0343028536475
2012-01-23,825.6183965087306
2012-01-24,832.2820199031595
2012-01-25,838.7795787880427
2012-01-27,842.6934052499709
2012-01-30,832.4369463706162
2012-01-31,846.6925550155645
2012-02-01,849.753055619535
2012-02-02,859.0843624905548
2012-02-03,866.2731074718934
2012-02-06,871.3789321597617
2012-02-07,869.0547086359344
2012-02-08,874.719283182571
2012-02-09,876.197256601023
2012-02-10,880.077787915092
2012-02-13,884.1855006277777
2012-02-14,886.1073956755587
2012-02-15,895.3804688434458
2012-02-16,892.4250485204358
2012-02-17,892.046957057863
2012-02-21,893.3936381077912
2012-02-22,882.0116035686317
2012-02-23,878.7565913716153
2012-02-24,878.1287980507254
2012-02-27,869.50082895455
2012-02-28,885.0889561930508
2012-02-29,890.5398202247384
2012-03-01,889.5268984214471
2012-03-02,890.9480352299516
2012-03-05,885.0048205923299
2012-03-06,883.9311687639265
2012-03-07,885.6356916967882
2012-03-09,898.628227286249
2012-03-12,906.6245270217727
2012-03-13,913.6645428173637
2012-03-14,917.4067913272966
2012-03-15,913.675227201388
2012-03-16,908.9846167454759
2012-03-19,911.0164501405701
2012-03-20,918.660071170185
2012-03-21,931.727468598127
2012-03-22,921.6280315768211
2012-03-23,929.883185577451
2012-03-26,922.1370137668124
2012-03-27,922.5518354361911
2012-03-28,922.1936387794192
2012-03-29,926.8858982887907
2012-03-30,944.0131373406717
2012-04-02,951.3421431837909
2012-04-03,959.4701526331976
2012-04-04,957.0050421901857
2012-04-09,946.1149760965216
2012-04-10,941.1361585157787
2012-04-11,940.6419437144993
2012-04-12,946.9184106943186
2012-04-13,945.7320963745982
2012-04-16,949.12175009899
2012-04-17,955.8516928047832
2012-04-18,963.4757281017502
2012-04-19,967.2468059851471
2012-04-20,961.4957253306709
2012-04-23,948.2524354830864
2012-04-24,944.9545843781939
2012-04-25,945.0298828250651
2012-04-26,942.2587388310736
2012-04-27,943.9709494787483
2012-04-30,950.6073395241915
2012-05-02,949.0637793001293
2012-05-03,943.9394377884828
2012-05-04,933.3342920729863
2012-05-07,934.727524348326
2012-05-08,926.4940979326572
2012-05-09,924.960841406431
2012-05-10,934.1790536313182
2012-05-11,928.7569958654472
2012-05-14,927.4886300163059
2012-05-15,930.2690723012925
2012-05-16,923.0833046038912
2012-05-17,926.5399241644437
2012-05-18,925.5841696301374
2012-05-21,928.7802481572943
2012-05-22,928.6427145682949
2012-05-23,934.4040351073791
2012-05-24,935.8374153792022
2012-05-25,935.692708401512
2012-05-28,947.0463935641287
2012-05-29,943.5142067909102
2012-05-30,935.7428108560982
2012-05-31,937.2037584235269
2012-06-01,933.8090086653191
2012-06-04,925.3593969037499
2012-06-05,929.2153704744046
2012-06-06,935.4788556332953
2012-06-07,939.858874411363
2012-06-08,941.589306901657
2012-06-11,938.2942220608116
2012-06-12,937.9133839734
2012-06-13,942.0268324190918
2012-06-14,936.4656932038828
2012-06-15,940.4241239953631
2012-06-18,932.9672416043752
2012-06-19,938.9772737745711
2012-06-20,946.9143628584793
2012-06-21,951.7895979348428
2012-06-22,949.8736535734714
2012-06-25,950.3279608395211
2012-06-26,951.7609749372104
2012-06-27,957.814742911047
2012-06-28,958.8208524202967
2012-06-29,973.992296027798
2012-07-02,972.586953262735
2012-07-03,974.5899147117466
2012-07-04,974.0594607736501
2012-07-05,977.2761163792377
2012-07-06,972.1943782850492
2012-07-09,967.7023877343175
2012-07-10,976.5382361271529
2012-07-11,974.6334682171665
2012-07-12,972.7726281916986
2012-07-13,971.538792762906
2012-07-16,973.2518139850004
2012-07-17,972.5187699478454
2012-07-18,977.7629764404974
2012-07-19,979.6837361401093
2012-07-20,978.2336410644995
2012-07-23,975.2756571524445
2012-07-24,985.1769539616827
2012-07-25,986.2895580397421
2012-07-26,974.6246075348026
2012-07-27,974.573266786583
2012-07-30,981.4569096758495
2012-07-31,985.6037668165367
2012-08-01,989.3369494012586
2012-08-02,997.8592102422051
2012-08-03,1002.1617874424054
2012-08-06,1007.6433645173809
2012-08-07,1009.6737195878874
2012-08-08,1018.0333378800126
2012-08-09,1031.6090187665548
2012-08-10,1034.3348897085764
2012-08-13,1038.8786672934332
2012-08-14,1044.852731400644
2012-08-16,1049.344618065416
2012-08-17,1053.6146517410687
2012-08-21,1058.7684211542553
2012-08-22,1060.7820227072843
2012-08-23,1061.3102024991806
2012-08-24,1054.1012178155745
2012-08-27,1048.832477422658
2012-08-28,1037.9496089294607
2012-08-29,1037.8932256629466
2012-08-30,1046.4535800438919
2012-08-31,1042.7862828783357
2012-09-03,1041.5337839260937
2012-09-04,1039.4209440754585
2012-09-05,1041.85724945077
2012-09-06,1044.537187977805
2012-09-07,1058.8206147784583
2012-09-10,1066.9880205000366
2012-09-11,1064.545883610275
2012-09-12,1068.1258410355056
2012-09-13,1070.1244359622679
2012-09-14,1073.4481084738939
2012-09-17,1065.0597547710615
2012-09-18,1061.545913176516
2012-09-20,1056.2158023959257
2012-09-21,1062.1490762090675
2012-09-24,1058.0300972569476
2012-09-25,1064.3574897274946
2012-09-26,1077.0411980820516
2012-09-27,1087.197672163894
2012-09-28,1096.683933608317
2012-10-01,1106.2281827769725
2012-10-03,1115.2028394386512
2012-10-04,1115.0194218013507
2012-10-05,1108.7036956809852
2012-10-08,1108.9935846705819
2012-10-09,1114.6071517840714
2012-10-10,1105.1630542255364
2012-10-11,1110.929119484819
2012-10-12,1117.875889398419
2012-10-15,1121.1751658571902
2012-10-16,1118.3229591931613
2012-10-17,1121.8492830879472
2012-10-18,1129.0273519844666
2012-10-19,1126.7081620498382
2012-10-22,1134.0896205766085
2012-10-23,1138.4620600115577
2012-10-25,1140.883521934951
2012-10-29,1126.6722949296156
2012-10-30,1123.2754804342699
2012-10-31,1128.688212990708
2012-11-01,1127.3767139228128
2012-11-02,1129.449116205924
2012-11-05,1129.3623589316405
2012-11-06,1140.7505668634456
2012-11-07,1153.2860020022506
2012-11-08,1153.376340233635
2012-11-09,1142.3601778327186
2012-11-12,1148.6457622582961
2012-11-15,1151.257166347967
2012-11-16,1145.6281653043666
2012-11-19,1137.9450005673043
2012-11-20,1140.7468466118232
2012-11-21,1139.4072371330717
2012-11-22,1150.1898214693913
2012-11-23,1155.2408908839027
2012-11-26,1173.912877941158
2012-11-27,1188.2814536313601
2012-11-29,1190.8285132729127
2012-11-30,1196.8683791328558
2012-12-03,1213.0684921800269
2012-12-04,1217.4264450229703
2012-12-05,1214.0845165762414
2012-12-06,1213.8621181150406
2012-12-07,1207.489870979011
2012-12-10,1210.1815886808
2012-12-11,1202.2476171538888
2012-12-12,1198.5207731981804
2012-12-13,1188.745562954883
2012-12-14,1192.050677921064
2012-12-17,1190.081845913128
2012-12-18,1199.3616868434967
2012-12-19,1207.0338264649686
2012-12-20,1213.6944766080817
2012-12-21,1197.6018710961596
2012-12-24,1203.5624432587904
2012-12-26,1209.704364211957
2012-12-27,1200.9047072402432
2012-12-28,1204.548410138976
2012-12-31,1214.1321445729707
2013-01-01,1223.6219248803457
2013-01-02,1229.5631337116477
2013-01-03,1231.1999540153156
2013-01-04,1238.1595824045946
2013-01-07,1230.44055910308
2013-01-08,1231.122031095529
2013-01-09,1222.5141598516984
2013-01-10,1220.0506301808098
2013-01-11,1198.2253198155884
2013-01-14,1203.8157308471093
2013-01-15,1207.743665371739
2013-01-16,1199.5239374311072
2013-01-17,1198.8196457615204
2013-01-18,1198.0462123357408
2013-01-21,1199.1490509762393
2013-01-22,1187.7013080982542
2013-01-23,1177.5109485082057
2013-01-24,1166.878055436701
2013-01-25,1176.0081611519859
2013-01-28,1180.4365405459384
2013-01-29,1178.7855083346785
2013-01-30,1181.1769437125442
2013-01-31,1185.3051503253787
2013-02-01,1182.92768112911
2013-02-04,1179.4030521501647
2013-02-05,1174.787243993346
2013-02-06,1174.319320645332
2013-02-07,1165.8112782161982
2013-02-08,1157.2191522400074
2013-02-11,1158.2999141639611
2013-02-12,1166.0894921529828
2013-02-13,1159.534863736997
2013-02-14,1156.0304510358146
2013-02-15,1158.4898898911579
2013-02-18,1164.839592037006
2013-02-19,1182.7258695891348
2013-02-20,1188.254144947828
2013-02-21,1170.7311091797328
2013-02-22,1168.6478665595998
2013-02-25,1164.3117913301217
2013-02-26,1149.3182559134107
2013-02-27,1155.6561951186648
2013-02-28,1132.4133745946194
2013-03-01,1137.3941265847461
2013-03-04,1122.7842089895
2013-03-05,1142.9528918635278
2013-03-06,1148.1231488558512
2013-03-07,1158.3799463952555
2013-03-08,1172.1224518442189
2013-03-11,1174.4964641386125
2013-03-12,1175.6603490360148
2013-03-13,1161.7577420869884
2013-03-14,1167.0553839724082
2013-03-15,1160.4730293321018
2013-03-18,1156.2728483123283
2013-03-19,1145.991376657467
2013-03-20,1134.327830163309
2013-03-21,1126.5387312672406
2013-03-22,1121.990675530567
2013-03-25,1119.1572531638146
2013-03-26,1118.5228834870297
2013-03-28,1128.7410029063403
2013-04-01,1137.9423247918392
2013-04-02,1143.4171517443679
2013-04-03,1138.0705879795898
2013-04-04,1121.1211206119
2013-04-05,1117.434441651105
2013-04-08,1126.7938891750935
2013-04-09,1116.4130633634397
2013-04-10,1120.9523254522828
2013-04-11,1122.159851795913
2013-04-12,1119.7514185182156
2013-04-15,1121.5528228349901
2013-04-16,1133.8277178158687
2013-04-17,1148.6011257522696
2013-04-18,1155.8519259134193
2013-04-22,1173.5706027730898
2013-04-23,1175.8362579975474
2013-04-25,1192.9899491202325
2013-04-26,1183.7116080601968
2013-04-29,1199.9699687742743
2013-04-30,1218.3399248705794
2013-05-02,1232.3413901035615
2013-05-03,1222.1853067089598
2013-05-06,1229.7031729524529
2013-05-07,1247.2177231965775
2013-05-08,1257.246030517569
2013-05-09,1252.984583661236
2013-05-10,1251.8593833156817
2013-05-13,1241.50903331023
2013-05-14,1247.0036983606753
2013-05-15,1265.8477888826765
2013-05-16,1262.9361151247692
2013-05-17,1259.8734399042346
2013-05-20,1253.0594172448116
2013-05-21,1235.1365148049067
2013-05-22,1233.9765227597406
2013-05-23,1210.1640282163996
2013-05-24,1217.3550980968985
2013-05-27,1231.6918434670022
2013-05-28,1233.5709961904877
2013-05-29,1228.6873167160445
2013-05-30,1232.1882747715515
2013-05-31,1221.519326257386
2013-06-03,1216.8593400783298
2013-06-04,1218.1634507693095
2013-06-05,1221.2265990568694
2013-06-06,1217.1066793604725
2013-06-07,1218.446871624625
2013-06-10,1216.0275875899467
2013-06-11,1197.2059249600738
2013-06-12,1180.2258993707705
2013-06-13,1164.6456641736918
2013-06-14,1177.660177760373
2013-06-17,1191.9167643879612
2013-06-18,1191.8933037728477
2013-06-19,1198.4545735558722
2013-06-20,1173.981918018546
2013-06-21,1163.8275944384127
2013-06-24,1134.476720243656
2013-06-25,1135.7184176306498
2013-06-26,1142.7710343098765
2013-06-27,1144.9050090645553
2013-06-28,1161.97153291014
2013-07-01,1182.8439430518633
2013-07-02,1183.3945306062976
2013-07-03,1185.8243788169414
2013-07-04,1200.5021319731457
2013-07-05,1198.2533765295575
2013-07-08,1198.1723079728597
2013-07-09,1205.4412110332237
2013-07-10,1206.1096156802212
2013-07-11,1218.6120538198218
2013-07-12,1225.9937532408383
2013-07-15,1244.723850178165
2013-07-16,1236.7771300852837
2013-07-17,1239.6058810475422
2013-07-18,1252.507189443164
2013-07-19,1244.7962920570524
2013-07-22,1246.3870081885154
2013-07-23,1244.601695455331
2013-07-24,1232.5259352442326
2013-07-25,1219.7012063022346
2013-07-26,1211.0245100475433
2013-07-29,1194.7606227103097
2013-07-30,1175.6638773198295
2013-07-31,1173.7088004281002
2013-08-01,1170.8897281259874
2013-08-02,1164.7849928326873
2013-08-05,1162.43303200664
2013-08-06,1134.911463779318
2013-08-07,1125.576810246476
2013-08-08,1131.1284864709137
2013-08-12,1153.2996074392192
2013-08-13,1172.5934937359552
2013-08-14,1182.0720256832344
2013-08-16,1150.4574086195319
2013-08-19,1119.2245879264656
2013-08-20,1100.457063086375
2013-08-21,1083.594261943331
2013-08-22,1086.5876949185133
2013-08-23,1096.3526424097372
2013-08-26,1110.5264227484397
2013-08-27,1081.1284539644657
2013-08-28,1064.1546933969203
2013-08-29,1085.2534633448265
2013-08-30,1097.0014637000422
2013-09-02,1118.3750748846885
2013-09-03,1097.7507677170195
2013-09-04,1114.9069412372673
2013-09-05,1124.7997797966862
2013-09-06,1131.634183981506
2013-09-10,1159.5222056304663
2013-09-11,1175.2821129666895
2013-09-12,1175.5579012853893
2013-09-13,1172.173203992394
2013-09-16,1173.5325349303212
2013-09-17,1164.3254724678156
2013-09-18,1176.0286280350474
2013-09-19,1196.9448404137477
2013-09-20,1185.5986637967458
2013-09-23,1175.248869992346
2013-09-24,1182.3814782404595
2013-09-25,1186.177539067774
2013-09-26,1188.592608374051
2013-09-27,1196.9423721489393
2013-09-30,1195.2179713840758
2013-10-01,1203.7802724028923
2013-10-03,1219.6334504993083
2013-10-04,1229.8064704611443
2013-10-07,1239.3175559040933
2013-10-08,1242.4300670876962
2013-10-09,1256.9676823739564
2013-10-10,1259.3561993953085
2013-10-11,1254.2188063416665
2013-10-14,1257.1368884838644
2013-10-15,1243.1497506320773
2013-10-17,1236.0321671608299
2013-10-18,1251.8303601900361
2013-10-21,1259.8133040635473
2013-10-22,1267.2460201662766
2013-10-23,1268.9197264569461
2013-10-24,1265.3176184391084
2013-10-25,1257.9338604108582
2013-10-28,1243.6671244642541
2013-10-29,1263.5827737798766
2013-10-30,1274.3015606194358
2013-10-31,1281.77373307392
2013-11-01,1277.2126473545386
2013-11-05,1270.7510797975985
2013-11-06,1271.426792663112
2013-11-07,1260.7370442795918
2013-11-08,1260.8839020200035
2013-11-11,1249.9558384530815
2013-11-12,1250.9500845415566
2013-11-13,1242.1432798783705
2013-11-14,1251.0849483579254
2013-11-18,1264.0118901233473
2013-11-19,1263.857336833706
2013-11-20,1255.9664684001173
2013-11-21,1240.3694058077515
2013-11-22,1246.096123278477
2013-11-25,1259.8530868176108
2013-11-26,1264.3183614265392
2013-11-27,1269.241385744099
2013-11-28,1277.4351915493469
2013-11-29,1286.9184806096675
2013-12-02,1301.9531629405851
2013-12-03,1303.7811250889706
2013-12-04,1294.8478644297127
2013-12-05,1289.6711974552688
2013-12-06,1288.8093246219096
2013-12-09,1294.991677888039
2013-12-10,1290.8276447790693
2013-12-11,1291.0039421410406
2013-12-12,1291.3131215353621
2013-12-13,1282.6473464802714
2013-12-16,1286.8994733656061
2013-12-17,1293.106900015676
2013-12-18,1304.234530919033
2013-12-19,1305.9064336565368
2013-12-20,1315.7034298365932
2013-12-23,1314.3008947328997
2013-12-24,1312.6247081791273
2013-12-26,1310.7045421349258
2013-12-27,1318.4683643043475
2013-12-30,1315.6552194060878
2013-12-31,1319.011343933591
2014-01-01,1322.0018442585626
2014-01-02,1309.4186623725147
2014-01-03,1317.7747386056517
2014-01-06,1322.0340176824354
2014-01-07,1316.19028578093
2014-01-08,1323.014944810821
2014-01-09,1327.906020470902
2014-01-10,1326.1375541871628
2014-01-13,1331.0265768354639
2014-01-14,1329.7748097581295
2014-01-15,1334.6447030020915
2014-01-16,1328.432786921516
2014-01-17,1314.3443564667716
2014-01-20,1328.695851935895
2014-01-21,1329.8895639760779
2014-01-22,1334.3985043745647
2014-01-23,1331.0501206910656
2014-01-24,1322.4494509030114
2014-01-27,1299.0167497967795
2014-01-28,1298.9916777208825
2014-01-29,1303.1676431251408
2014-01-30,1300.8087924848724
2014-01-31,1309.9958828259046
2014-02-03,1300.349057874898
2014-02-04,1300.1487447114903
2014-02-05,1307.2176234659325
2014-02-06,1312.4955295575203
2014-02-07,1315.9955149676327
2014-02-10,1314.9645512166794
2014-02-11,1328.2078133168122
2014-02-12,1333.9088496333861
2014-02-13,1323.9465499472478
2014-02-14,1331.3787247252058
2014-02-17,1331.2648344941795
2014-02-18,1333.2635166051753
2014-02-19,1345.1108806421084
2014-02-20,1339.1701819723933
2014-02-21,1350.7687644148057
2014-02-24,1356.4997202132079
2014-02-25,1366.3085705771764
2014-02-26,1373.2416273222022
2014-02-28,1391.9204470713084
2014-03-03,1387.0979837050772
2014-03-04,1393.0047329224951
2014-03-05,1398.3088393203675
2014-03-06,1403.4991120789914
2014-03-07,1378.7975311528176
2014-03-10,1367.9115631836382
2014-03-11,1364.3578720576659
2014-03-12,1368.5422939130735
2014-03-13,1358.0695398570952
2014-03-14,1359.9443771240058
2014-03-18,1359.3868889175956
2014-03-19,1358.8561312680572
2014-03-20,1361.0326568688536
2014-03-21,1370.2348625070113
2014-03-24,1366.4100652504567
2014-03-25,1364.4247615268202
2014-03-26,1360.2965602735223
2014-03-27,1361.757216032838
2014-03-28,1365.741356522544
2014-03-31,1370.7883276782998
2014-04-01,1384.5081545690814
2014-04-02,1403.0927273980667
2014-04-03,1401.4365380203446
2014-04-04,1393.2918404865025
2014-04-07,1390.5069095689394
2014-04-09,1399.0891079565206
2014-04-10,1388.3089905170393
2014-04-11,1392.6350986493642
2014-04-15,1387.7738326179967
2014-04-16,1372.2350971815542
2014-04-17,1386.5127519752264
2014-04-21,1390.1146736572064
2014-04-22,1391.491005018083
2014-04-23,1398.3242136552224
2014-04-24,1398.3242136552224
2014-04-25,1398.0448704817059
2014-04-28,1400.989858297759
2014-04-29,1390.5689436015264
2014-04-30,1385.831868101336
2014-05-02,1397.7904161587185
2014-05-05,1390.4685390377424
2014-05-06,1389.130455549284
2014-05-07,1378.1274414655036
2014-05-08,1383.4985003942425
2014-05-09,1389.5972585254544
2014-05-12,1399.9767980202816
2014-05-13,1412.4413513380268
2014-05-14,1412.9083153257493
2014-05-15,1398.8812928762022
2014-05-16,1391.1369525013743
2014-05-19,1362.5813237482123
2014-05-20,1385.5573773489589
2014-05-21,1404.709750623296
2014-05-22,1410.6647274299892
2014-05-23,1418.7626011473612
2014-05-26,1413.3232706203016
2014-05-27,1422.3066312424921
2014-05-28,1433.5069519762321
2014-05-29,1415.3402884684883
2014-05-30,1438.523698327648
2014-06-02,1437.7124188042737
2014-06-03,1443.6765933176666
2014-06-04,1443.9978054274418
2014-06-05,1449.9044383295845
2014-06-06,1460.5708226394438
2014-06-09,1467.472362562365
2014-06-10,1476.6756263924208
2014-06-11,1482.0418242885228
2014-06-12,1495.6130143577498
2014-06-13,1489.2514435365617
2014-06-16,1492.2865272081194
2014-06-17,1504.3253515601555
2014-06-18,1500.9438494802903
2014-06-19,1514.008367589135
2014-06-20,1506.5998915894866
2014-06-23,1515.3939550261077
2014-06-24,1519.2785490343217
2014-06-25,1524.177210491035
2014-06-26,1532.4663691102253
2014-06-27,1547.5718536437028
2014-06-30,1569.3439672959828
2014-07-01,1583.3329491461302
2014-07-02,1594.6552864344883
2014-07-03,1607.4678455401202
2014-07-04,1622.6289282675439
2014-07-07,1639.0005351716788
2014-07-08,1577.9928619748243
2014-07-09,1544.9824905113114
2014-07-10,1556.167080637915
2014-07-11,1532.6572153499476
2014-07-14,1526.8377715006293
2014-07-15,1562.8569581800004
2014-07-16,1587.4414768886138
2014-07-17,1612.7375297174192
2014-07-18,1602.937859355231
2014-07-21,1599.1160144697462
2014-07-22,1595.7498474913486
2014-07-23,1590.206125993851
2014-07-24,1588.9957591831685
2014-07-25,1585.9608906874369
2014-07-28,1584.7341949599606
2014-07-30,1594.5171549403244
2014-07-31,1599.4042847262594
2014-08-01,1580.5991897258875
2014-08-04,1598.1312048199204
2014-08-05,1606.9071194475423
2014-08-06,1606.074227704586
2014-08-07,1600.5530544142562
2014-08-08,1570.2203937961688
2014-08-11,1589.0247988098415
2014-08-12,1585.8474609320538
2014-08-13,1585.0122068670887
2014-08-14,1594.3280683179696
2014-08-18,1612.6088608576179
2014-08-19,1627.173678389769
2014-08-20,1632.1500282073334
2014-08-21,1646.090115414595
2014-08-22,1650.2660144710735
2014-08-25,1653.9557573416848
2014-08-26,1651.6213290283197
2014-08-27,1660.4143492871137
2014-08-28,1658.5959676438745
2014-09-01,1683.709919616003
2014-09-02,1702.7824025720242
2014-09-03,1733.7013812849327
2014-09-04,1742.0585449785517
2014-09-05,1757.5817589969033
2014-09-08,1772.1070194282206
2014-09-09,1788.4282000049304
2014-09-10,1786.2012686067462
2014-09-11,1811.8124457108336
2014-09-12,1819.2055088447541
2014-09-15,1821.32557210235
2014-09-16,1757.345000252834
2014-09-17,1762.7961012242333
2014-09-18,1792.9806148136488
2014-09-19,1800.7402332555582
2014-09-22,1796.1866757112693
2014-09-23,1770.0042715896088
2014-09-24,1751.703613982642
2014-09-25,1745.4907160079442
2014-09-26,1757.1806465914665
2014-09-29,1779.6305851123504
2014-09-30,1799.2794747980868
2014-10-01,1792.1796369418878
2014-10-07,1783.2964165554208
2014-10-08,1770.4063766243255
2014-10-09,1777.2193537090204
2014-10-10,1744.7617721001163
2014-10-13,1760.4507321051058
2014-10-14,1749.1582780401352
2014-10-15,1749.1582780401352
2014-10-16,1698.5442528592873
2014-10-17,1699.1279236885534
2014-10-20,1720.6910398899442
2014-10-21,1742.0574361217455
2014-10-22,1763.4285084505032
2014-10-27,1765.1404691354055
2014-10-28,1780.092596042572
2014-10-29,1784.4427334349277
2014-10-30,1794.451047207601
2014-10-31,1829.4318375561213
2014-11-03,1849.7265618724518
2014-11-05,1864.6699375286187
2014-11-07,1860.8802162075274
2014-11-10,1867.8095299553283
2014-11-11,1884.8466770399123
2014-11-12,1899.527062575554
2014-11-13,1897.5312233339687
2014-11-14,1914.2693083522124
2014-11-17,1913.4109505165002
2014-11-18,1931.2531857519527
2014-11-19,1924.7112416309453
2014-11-20,1921.7769738597092
2014-11-21,1921.6421665233017
2014-11-24,1937.302912061336
2014-11-25,1922.7219338460984
2014-11-26,1920.567201880747
2014-11-27,1923.4179478860272
2014-11-28,1941.0925096455542
2014-12-01,1944.5366757253737
2014-12-02,1955.5390652963524
2014-12-03,1991.8439476532528
2014-12-04,1993.1484725545845
2014-12-05,1985.3367936663064
2014-12-08,1965.540418872169
2014-12-09,1928.8224526668769
2014-12-10,1940.8554050139953
2014-12-11,1912.2867220242651
2014-12-12,1897.7547866227917
2014-12-15,1873.7665430984564
2014-12-16,1847.323776038795
2014-12-17,1831.1777589875194
2014-12-18,1885.9899904437648
2014-12-19,1902.8104998453061
2014-12-22,1912.1360518039914
2014-12-23,1910.937233016397
2014-12-24,1906.2898947869464
2014-12-26,1915.6275243785822
2014-12-29,1952.2968233760726
2014-12-30,1961.0908063816191
2014-12-31,1983.899613452846
2015-01-01,1983.833137642737
2015-01-02,1999.745526667134
2015-01-05,2012.1311296192382
2015-01-06,1964.573652954209
2015-01-07,1976.4298882418188
2015-01-08,2002.8836539182764
2015-01-09,2011.138841309651
2015-01-12,2020.141211957316
2015-01-13,2024.479233574278
2015-01-14,2020.8009056549909
2015-01-15,2040.273752639105
2015-01-16,2055.537437713966
2015-01-19,2067.924386173651
2015-01-20,2075.9572024334934
2015-01-21,2079.4691875494314
2015-01-22,2095.0538515524813
2015-01-23,2096.8031497156144
2015-01-27,2129.206435578732
2015-01-28,2150.784338675062
2015-01-29,2136.1052253587477
2015-01-30,2121.9272069369813
2015-02-02,2134.983007481978
2015-02-03,2121.0229754788634
2015-02-04,2105.3403048399173
2015-02-05,2081.2518791403036
2015-02-06,2051.1161849481227
2015-02-09,2014.5728135742297
2015-02-10,2033.381509488333
2015-02-11,2075.0405206312084
2015-02-12,2109.776164957538
2015-02-13,2140.393272582047
2015-02-16,2131.205347115234
2015-02-18,2149.828101307785
2015-02-19,2153.6454794267524
2015-02-20,2156.1285875002227
2015-02-23,2130.7823353330714
2015-02-24,2128.7931104332356
2015-02-25,2119.8934047122084
2015-02-26,2100.9023743604625
2015-02-27,2128.3938345770985
2015-03-02,2186.726009626641
2015-03-03,2205.0168128417727
2015-03-04,2204.8369022951447
2015-03-05,2232.6517143572755
2015-03-09,2221.308011569113
2015-03-10,2217.4555975305043
2015-03-11,2210.369296957367
2015-03-12,2247.0555269230626
2015-03-13,2224.042005012595
2015-03-16,2224.6990350281153
2015-03-17,2255.567550527506
2015-03-18,2255.2270221086305
2015-03-19,2262.5794079936477
2015-03-20,2240.948850534531
2015-03-23,2231.7300920502507
2015-03-24,2235.40303757955
2015-03-25,2231.5768567034825
2015-03-26,2206.8185360179536
2015-03-27,2208.174858530398
2015-03-30,2253.2170328235948
2015-03-31,2266.6115499601156
2015-04-01,2292.0593237785506
2015-04-06,2330.29496594614
2015-04-07,2341.76603339149
2015-04-08,2355.846605258963
2015-04-09,2346.5125629353765
2015-04-10,2335.6633562949705
2015-04-13,2333.794141461302
2015-04-15,2322.618937585339
2015-04-16,2315.0866968540367
2015-04-17,2267.904875338142
2015-04-20,2234.173938277594
2015-04-21,2202.304848945346
2015-04-22,2192.9688986010274
2015-04-23,2201.645296196552
2015-04-24,2163.855121509154
2015-04-27,2120.4874541597183
2015-04-28,2149.08094742667
2015-04-29,2176.16387135465
2015-04-30,2183.2760860537
2015-05-04,2220.48975641241
2015-05-05,2241.054088523804
2015-05-06,2175.983922580939
2015-05-07,2141.0065290464904
2015-05-08,2164.2479724392374
2015-05-11,2204.316423317441
2015-05-12,2183.2446365543997
2015-05-13,2215.113055794253
2015-05-14,2227.554115578859
2015-05-15,2242.12066985358
2015-05-18,2265.7476561797666
2015-05-19,2269.598479252133
2015-05-20,2274.939844137273
2015-05-21,2264.092715280708
2015-05-22,2277.5480297891936
2015-05-25,2283.463018161047
2015-05-26,2279.4758211534536
2015-05-27,2284.226855516974
2015-05-28,2272.1186940885473
2015-05-29,2317.689983499712
2015-06-01,2310.714378479807
2015-06-02,2271.147113737292
2015-06-03,2242.81459505775
2015-06-04,2240.763873586547
2015-06-05,2244.997147618223
2015-06-08,2214.896338307107
2015-06-09,2190.1679442102695
2015-06-10,2221.0234890908937
2015-06-11,2190.4141545770917
2015-06-12,2186.742872104169
2015-06-15,2195.0447109276442
2015-06-16,2203.919007409476
2015-06-17,2256.619714430958
2015-06-18,2285.4836779823154
2015-06-19,2286.799890462031
2015-06-22,2308.145345712777
2015-06-23,2308.5798642209807
2015-06-24,2313.3500507175872
2015-06-25,2319.596546139398
2015-06-26,2334.1493686994663
2015-06-29,2293.5658664700277
2015-06-30,2332.9962084813246
2015-07-01,2354.7041379471857
2015-07-02,2377.11689469723
2015-07-03,2364.0134052465496
2015-07-06,2376.8449827823333
2015-07-07,2378.4425748894682
2015-07-08,2353.254695544548
2015-07-09,2339.4526075915755
2015-07-10,2338.2167547329846
2015-07-13,2368.1347002275293
2015-07-14,2374.112130747197
2015-07-15,2386.172251410144
2015-07-16,2424.16521987816
2015-07-17,2439.2571709602935
2015-07-20,2444.2567626767755
2015-07-21,2393.1877262612506
2015-07-22,2405.0297953591685
2015-07-23,2395.12805688835
2015-07-24,2369.970750864578
2015-07-27,2355.5841631865756
2015-07-28,2358.549560767671
2015-07-29,2383.2671391621693
2015-07-30,2402.006983051607
2015-07-31,2443.5604924255645
2015-08-03,2467.8323919682234
2015-08-04,2494.0223542866675
2015-08-05,2510.7269931226574
2015-08-06,2506.339150938523
2015-08-07,2500.3487457488873
2015-08-10,2506.6481026949023
2015-08-11,2496.2483307395264
2015-08-12,2460.0588663098783
2015-08-13,2456.5164113707174
2015-08-14,2482.8268641031764
2015-08-17,2504.6478319301427
2015-08-18,2510.2598857691664
2015-08-19,2537.5437495666724
2015-08-20,2508.1016661192143
2015-08-21,2496.2203099773906
2015-08-24,2277.327127819492
2015-08-25,2308.61169818715
2015-08-26,2296.214640586121
2015-08-27,2354.365365519563
2015-08-28,2360.9224045811247
2015-08-31,2359.3600524132344
2015-09-01,2327.7004181686875
2015-09-02,2331.6605262823305
2015-09-03,2358.1534172132506
2015-09-04,2312.4276580616356
2015-09-07,2256.993460814506
2015-09-08,2250.822743732882
2015-09-09,2288.157122406819
2015-09-10,2282.1354413359554
2015-09-11,2291.791747552198
2015-09-14,2310.2951612889924
2015-09-15,2296.9373736788334
2015-09-16,2277.0527954090385
2015-09-18,2280.9723724634437
2015-09-21,2285.4373722080986
2015-09-22,2268.9339166130076
2015-09-23,2279.6291448813017
2015-09-24,2292.9792814822576
2015-09-28,2294.3330221046754
2015-09-29,2294.0414572989753
2015-09-30,2335.57158051293
2015-10-01,2362.6748197445486
2015-10-05,2392.1079537438263
2015-10-06,2403.969704073628
2015-10-07,2402.49392923356
2015-10-08,2389.301251440036
2015-10-09,2389.0070590594432
2015-10-12,2376.018634131275
2015-10-13,2368.4484732334863
2015-10-14,2379.547062794987
2015-10-15,2380.805707477397
2015-10-16,2387.090761828444
2015-10-19,2415.330872086366
2015-10-20,2436.120963514311
2015-10-21,2432.568814060945
2015-10-23,2414.438847877777
2015-10-26,2393.609730917667
2015-10-27,2391.0241205581583
2015-10-28,2380.5824467546904
2015-10-29,2369.8404584332584
2015-10-30,2368.4253271538905
2015-11-02,2361.4678827460875
2015-11-03,2369.541088594443
2015-11-04,2361.97180646198
2015-11-05,2339.464903668058
2015-11-06,2329.7523815201553
2015-11-09,2338.7042944424556
2015-11-10,2311.200767867332
2015-11-13,2277.740506381783
2015-11-16,2260.345045783917
2015-11-17,2287.61196579091
2015-11-18,2278.1317326209523
2015-11-19,2309.289832965741
2015-11-20,2325.676350267755
2015-11-23,2323.7203696021134
2015-11-24,2307.881570005799
2015-11-26,2302.970354182269
2015-11-27,2297.144094825585
2015-11-30,2285.3171890216954
2015-12-01,2297.583908164111
2015-12-02,2306.9195279634705
2015-12-03,2301.1972402202223
2015-12-04,2287.37992379726
2015-12-07,2283.4174774557696
2015-12-08,2273.493205624383
2015-12-09,2231.7168039049693
2015-12-10,2255.6695018352
2015-12-11,2235.1779800477825
2015-12-14,2241.4998536850835
2015-12-15,2267.0164858052103
2015-12-16,2275.0168670249027
2015-12-17,2308.296461707713
2015-12-18,2298.543901322014
2015-12-21,2315.459123112771
2015-12-22,2309.561961318498
2015-12-23,2325.0785214686407
2015-12-24,2329.9587440606447
2015-12-28,2340.2883159609196
2015-12-29,2348.573635444662
2015-12-30,2348.3304316409913
2015-12-31,2345.769157052862
2016-01-01,2368.470108116045
2016-01-04,2335.8330360642162
2016-01-05,2341.2256678195513
2016-01-06,2335.5377200224593
2016-01-07,2286.196340494402
2016-01-08,2312.132606448609
2016-01-11,2294.915977366577
2016-01-12,2289.4161243483777
2016-01-13,2265.6133718477963
2016-01-14,2236.917557418067
2016-01-15,2172.5130441201068
2016-01-18,2101.228937291595
2016-01-19,2128.6284679676637
2016-01-20,2109.234535769639
2016-01-21,2103.021019340945
2016-01-22,2145.6151008577017
2016-01-25,2157.3370575952545
2016-01-27,2161.8043580707927
2016-01-28,2161.1031518649042
2016-01-29,2185.5703654597387
2016-02-01,2192.1955329950515
2016-02-02,2161.2465368566345
2016-02-03,2147.6110797550514
2016-02-04,2106.4483700761034
2016-02-05,2138.265565576149
2016-02-08,2115.777819292879
2016-02-09,2072.4449831340194
2016-02-10,2041.2408969160704
2016-02-11,1964.5305952874164
2016-02-12,1932.5429631430616
2016-02-15,1987.4832481365895
2016-02-16,1948.0121621462963
2016-02-17,1960.451461988947
2016-02-18,1979.513109735459
2016-02-19,1970.8331229313144
2016-02-22,1976.0420803628745
2016-02-23,1956.8297629082247
2016-02-24,1924.8557136493307
2016-02-25,1900.6103948703305
2016-02-26,1894.7623612707919
2016-02-29,1892.2761181080336
2016-03-01,1968.9114399602854
2016-03-02,2002.2569277070259
2016-03-03,2018.7397998088732
2016-03-04,2023.4467545066584
2016-03-08,2022.4631481461572
2016-03-09,2031.108636376104
2016-03-10,2033.63746090066
2016-03-11,2033.75421937959
2016-03-14,2040.7313848067665
2016-03-15,2012.8706577663172
2016-03-16,1992.0258812994002
2016-03-17,2000.8087612056938
2016-03-18,2009.2269615359107
2016-03-21,2034.8863695851135
2016-03-22,2044.1488019929172
2016-03-23,2061.166004856236
2016-03-28,2019.2236561439615
2016-03-29,2006.7463106428513
2016-03-30,2035.1788149176784
2016-03-31,2056.8842739569277
2016-04-01,2050.2240850804797
2016-04-04,2051.2612998887143
2016-04-05,2033.4532514326531
2016-04-06,2037.701322885328
2016-04-07,2024.5874760932047
2016-04-08,2035.7584405194266
2016-04-11,2061.616004194417
2016-04-12,2097.7031223425147
2016-04-13,2127.294286504832
2016-04-18,2148.501518479725
2016-04-20,2139.326822436003
2016-04-21,2128.147942099014
2016-04-22,2130.3005673225057
2016-04-25,2110.6253388900595
2016-04-26,2125.533746300341
2016-04-27,2129.8390185429303
2016-04-28,2104.2631912437605
2016-04-29,2107.642193568227
2016-05-02,2120.321972523281
2016-05-03,2118.289798621658
2016-05-04,2096.9245703222828
2016-05-05,2093.815187444967
2016-05-06,2087.404519245577
2016-05-09,2112.8449820667906
2016-05-10,2115.556608341457
2016-05-11,2116.06420834789
2016-05-12,2143.308738431393
2016-05-13,2140.661389790211
2016-05-16,2132.229971696487
2016-05-17,2143.598399472313
2016-05-18,2143.099052535984
2016-05-19,2116.9383925679385
2016-05-20,2095.814978336748
2016-05-23,2076.23900421333
2016-05-24,2056.660810157282
2016-05-25,2081.4463340856023
2016-05-26,2094.0044106159007
2016-05-27,2120.481268878061
2016-05-30,2125.235796694098
2016-05-31,2114.8980758250345
2016-06-01,2127.7672768512234
2016-06-02,2146.981277638687
2016-06-03,2139.2364679255866
2016-06-06,2136.5463996865437
2016-06-07,2142.4270221515253
2016-06-08,2149.8572098463756
2016-06-09,2136.910104539327
2016-06-10,2121.651492500706
2016-06-13,2103.5094483295497
2016-06-14,2109.639066251605
2016-06-15,2123.3281921146477
2016-06-16,2113.7426705529624
2016-06-17,2116.255107374241
2016-06-20,2120.635715168939
2016-06-21,2121.673978755579
2016-06-22,2117.486340541399
2016-06-23,2115.4768864757425
2016-06-24,2096.8923202823876
2016-06-27,2123.3885463278193
2016-06-28,2134.052846065196
2016-06-29,2162.1549163066784
2016-06-30,2187.1582167764295
2016-07-01,2209.9449341920417
2016-07-04,2211.4244943578165
2016-07-05,2204.752636122102
2016-07-07,2190.711568521179
2016-07-08,2206.6275237683626
2016-07-11,2231.1702515919387
2016-07-12,2234.6272294747496
2016-07-13,2222.0092167200924
2016-07-14,2229.1673323726563
2016-07-15,2226.1220376151628
2016-07-18,2212.837008743849
2016-07-19,2208.034684570621
2016-07-20,2216.9968376669553
2016-07-21,2222.2143952840165
2016-07-22,2240.263010604678
2016-07-25,2259.2593805570273
2016-07-26,2266.8880243169106
2016-07-27,2303.458171973429
2016-07-28,2317.574527036511
2016-07-29,2328.723711121428
2016-08-01,2369.604470324256
2016-08-02,2356.7362501953
2016-08-03,2315.648667669836
2016-08-04,2325.8948912546493
2016-08-05,2362.034480461586
2016-08-08,2372.7410062484028
2016-08-09,2363.3800108425157
2016-08-10,2333.236569943233
2016-08-11,2324.861597030867
2016-08-12,2336.414833814387
2016-08-16,2333.1669414020057
2016-08-17,2343.902908252888
2016-08-18,2355.5851759642046
2016-08-19,2369.063102560156
2016-08-22,2355.7357930016383
2016-08-23,2343.8003126074077
2016-08-24,2351.42481721135
2016-08-25,2340.396340897432
2016-08-26,2348.473969642607
2016-08-29,2365.581042638077
2016-08-30,2394.7108862532946
2016-08-31,2400.2700170032417
2016-09-01,2394.1864133161334
2016-09-02,2395.69619137956
2016-09-06,2447.6268626754477
2016-09-07,2437.0186784071248
2016-09-08,2442.396562804363
2016-09-09,2419.2499930796353
2016-09-12,2354.565928606954
2016-09-14,2378.309356168059
2016-09-15,2377.8260363330614
2016-09-16,2371.776110024857
2016-09-19,2374.749492596542
2016-09-20,2367.8759184035393
2016-09-21,2368.509650861055
2016-09-22,2407.0328268018543
2016-09-23,2405.514291764642
2016-09-26,2392.414283030141
2016-09-27,2397.8614478684303
2016-09-28,2417.3903266964912
2016-09-29,2349.5064174290856
2016-09-30,2386.8160280776187
2016-10-03,2453.788939450378
2016-10-04,2470.3950058107307
2016-10-05,2472.0094229429797
2016-10-06,2466.854329747016
2016-10-07,2462.44898891922
2016-10-10,2466.5730506893906
2016-10-13,2440.726853773775
2016-10-14,2451.04435100422
2016-10-17,2421.258072454061
2016-10-18,2451.024433638858
2016-10-19,2434.153429683947
2016-10-20,2434.822363240347
2016-10-21,2442.8473452540056
2016-10-24,2424.5958208626735
2016-10-25,2420.070884558769
2016-10-26,2399.2430983933045
2016-10-27,2366.541999889709
2016-10-28,2379.849468615924
2016-11-01,2370.144206771888
2016-11-02,2332.20019764523
2016-11-03,2302.3024103948856
2016-11-04,2288.638247543716
2016-11-07,2296.2112694248763
2016-11-08,2313.802564934819
2016-11-09,2259.8664918951026
2016-11-10,2271.4894337475575
2016-11-11,2166.922701541989
2016-11-15,2066.000722343632
2016-11-16,2107.813931841568
2016-11-17,2087.1393227238136
2016-11-18,2085.688224269819
2016-11-21,2032.13046468345
2016-11-22,2063.6204166368484
2016-11-23,2082.7992953990915
2016-11-24,2069.9536761774684
2016-11-25,2119.9818993099307
2016-11-28,2129.200271328951
2016-11-29,2144.0505234955804
2016-11-30,2174.697743725507
2016-12-01,2159.1112139575775
2016-12-02,2123.7213116343737
2016-12-05,2136.8988566159305
2016-12-06,2141.5282116743315
2016-12-07,2132.5356755040093
2016-12-08,2169.9971316276224
2016-12-09,2167.1952442726633
2016-12-12,2121.970345705182
2016-12-13,2104.8837259949023
2016-12-14,2094.685407972328
2016-12-15,2095.8842821998255
2016-12-16,2095.2203198401894
2016-12-19,2082.804286067293
2016-12-20,2061.1283775694988
2016-12-21,2056.8023308162556
2016-12-22,2036.848108901034
2016-12-23,2051.409253795296
2016-12-26,2017.8412167464598
2016-12-27,2051.548217468962
2016-12-28,2065.1914511854216
2016-12-29,2098.6547992448186
2016-12-30,2118.9699471262566
2017-01-02,2141.6669823234333
2017-01-03,2173.326651299709
2017-01-04,2164.2855666435835
2017-01-05,2214.369534926115
2017-01-06,2212.286445208598
2017-01-09,2212.0428993152814
2017-01-10,2231.8564001101404
2017-01-11,2282.8503204987496
2017-01-12,2294.450475118266
2017-01-13,2284.20021664566
2017-01-16,2299.162635222554
2017-01-17,2294.4145945270825
2017-01-18,2309.622378332971
2017-01-19,2322.122276394849
2017-01-20,2284.1253730379035
2017-01-23,2325.0450418704136
2017-01-24,2355.3031510438213
2017-01-25,2414.8373322082284
2017-01-27,2423.590358688276
2017-01-30,2422.4917246870227
2017-01-31,2397.842480094383
2017-02-01,2454.0077459348704
2017-02-02,2471.322249890799
2017-02-03,2472.0611165205364
2017-02-06,2493.0561703998133
2017-02-07,2469.8248698238685
2017-02-08,2485.2166575080573
2017-02-09,2487.8076869252427
2017-02-10,2487.6675087584745
2017-02-13,2481.7953071415927
2017-02-14,2455.221459036374
2017-02-15,2422.0694202541363
2017-02-16,2472.3377844242937
2017-02-17,2480.472364368846
2017-02-20,2502.8522755658855
2017-02-21,2508.161076328166
2017-02-22,2491.8824489108197
2017-02-23,2502.406201284475
2017-02-27,2493.656915339776
2017-02-28,2496.9118947052134
2017-03-01,2504.005645643659
2017-03-02,2468.4033662206666
2017-03-03,2477.451682655155
2017-03-06,2492.5026172959333
2017-03-07,2478.564508764273
2017-03-08,2459.9214170202304
2017-03-09,2448.7645047027218
2017-03-10,2430.2584124233695
2017-03-14,2481.18975967121
2017-03-15,2499.450804775756
2017-03-16,2548.652339374356
2017-03-17,2540.729998474916
2017-03-20,2546.5944764714127
2017-03-21,2538.0777343189193
2017-03-22,2515.749244707292
2017-03-23,2547.1875629770852
2017-03-24,2554.8670624361107
2017-03-27,2543.5031774728186
2017-03-28,2558.6764772462675
2017-03-29,2552.592577827561
2017-03-30,2549.692635283115
2017-03-31,2578.0299722121767
2017-04-03,2588.6054673750186
2017-04-05,2611.3976563198867
2017-04-06,2615.3550586592223
2017-04-07,2611.940149200947
2017-04-10,2648.017238668672
2017-04-11,2663.3684845341445
2017-04-12,2654.2136296561134
2017-04-13,2647.857376945002
2017-04-17,2640.8946863503106
2017-04-18,2618.5493217684425
2017-04-19,2635.552017064006
2017-04-20,2646.6447574274475
2017-04-21,2634.5616655966833
2017-04-24,2668.7050791060306
2017-04-25,2719.150271325182
2017-04-26,2717.630533297086
2017-04-27,2716.4776631469294
2017-04-28,2719.7848911216347
2017-05-02,2728.889482540727
2017-05-03,2728.816024510294
2017-05-04,2735.9052737524366
2017-05-05,2691.9885989738423
2017-05-08,2696.868395040942
2017-05-09,2711.3997874374786
2017-05-10,2740.5494487239753
2017-05-11,2754.5845295557683
2017-05-12,2725.464073842643
2017-05-15,2769.267069714793
2017-05-16,2778.8338758702644
2017-05-17,2779.364653295481
2017-05-18,2716.785755452078
2017-05-19,2687.331579659399
2017-05-22,2630.4079459653685
2017-05-23,2610.8390447596985
2017-05-24,2587.197382619302
2017-05-25,2629.546445440499
2017-05-26,2700.783776903367
2017-05-29,2665.714827584997
2017-05-30,2683.065769438425
2017-05-31,2698.959752705593
2017-06-01,2709.06594627831
2017-06-02,2718.407190288965
2017-06-05,2718.4452054699514
2017-06-06,2706.683869685944
2017-06-07,2710.9546831129687
2017-06-08,2722.695098492445
2017-06-09,2741.32988070803
2017-06-12,2724.941935370831
2017-06-13,2733.0742919218806
2017-06-14,2736.623277647665
2017-06-15,2729.457352276519
2017-06-16,2727.545815155479
2017-06-19,2737.732166570826
2017-06-20,2746.200914735456
2017-06-21,2739.603013742851
2017-06-22,2710.514623947878
2017-06-23,2677.760447351305
2017-06-27,2638.154321916624
2017-06-28,2670.336383619885
2017-06-29,2687.7971969842183
2017-06-30,2693.889944401331
2017-07-03,2719.9922060166896
2017-07-04,2708.1801306589336
2017-07-05,2728.642915066922
2017-07-06,2747.473277267429
2017-07-07,2737.431363140443
2017-07-10,2751.2775372208434
2017-07-11,2744.4152936563914
2017-07-12,2766.4537891752593
2017-07-13,2787.671546364081
2017-07-14,2788.1842154375777
2017-07-17,2799.8193375235364
2017-07-18,2778.377227319584
2017-07-19,2806.1868924144646
2017-07-20,2815.9741715854816
2017-07-21,2817.176626487192
2017-07-24,2828.5145630866386
2017-07-25,2842.8711677463393
2017-07-26,2850.794379844577
2017-07-27,2853.630619210488
2017-07-28,2858.529764522231
2017-07-31,2876.0937396567174
2017-08-01,2891.2991451341
2017-08-02,2895.0738635633497
2017-08-03,2879.8539512506436
2017-08-04,2884.4973683786397
2017-08-07,2909.4574622311816
2017-08-08,2882.8704802948923
2017-08-09,2834.2473527305783
2017-08-10,2747.6061230722207
2017-08-11,2758.2043943999647
2017-08-14,2830.1052129547543
2017-08-16,2866.3395711435537
2017-08-17,2876.498033316234
2017-08-18,2853.3433554837816
2017-08-21,2817.28159345235
2017-08-22,2796.156159163609
2017-08-23,2840.1112394733705
2017-08-24,2845.5602777872937
2017-08-28,2881.19509997886
2017-08-29,2850.3573602410106
2017-08-30,2878.5785457852744
2017-08-31,2892.029959064141
2017-09-01,2927.4991853839283
2017-09-04,2912.6878418648844
2017-09-05,2926.3781271386874
2017-09-06,2942.3445180126937
2017-09-07,2977.312025656463
2017-09-08,2970.4144615780697
2017-09-11,3018.0415440980887
2017-09-12,3049.3680119589435
2017-09-13,3031.404233492348
2017-09-14,3039.034656878255
2017-09-15,3039.736295880205
2017-09-18,3072.6318462630043
2017-09-19,3076.8466415294874
2017-09-20,3068.283219757707
2017-09-21,3044.1164878355517
2017-09-22,2957.902621770942
2017-09-25,2908.7681448965295
2017-09-26,2940.8519186707945
2017-09-27,2882.4565432720865
2017-09-28,2914.5283091042957
2017-09-29,2943.7101076247022
2017-10-03,2981.904707865414
2017-10-04,3012.9358521615154
2017-10-05,3023.9531615888004
2017-10-06,3064.17651185127
2017-10-09,3068.9014388430196
2017-10-10,3112.563865764686
2017-10-11,3083.406867833583
2017-10-12,3126.1439475208645
2017-10-13,3120.466759226604
2017-10-16,3131.2565104345176
2017-10-17,3145.377006057627
2017-10-18,3150.2351307051645
2017-10-19,3129.304959457537
2017-10-23,3143.3644042104743
2017-10-24,3140.0355650591882
2017-10-25,3097.7284041621415
2017-10-26,3100.2615616753183
2017-10-27,3110.387501051783
2017-10-30,3139.2107100872
2017-10-31,3134.3536627282056
2017-11-01,3144.0506822559314
2017-11-02,3154.332722790299
2017-11-03,3166.9790349069713
2017-11-06,3171.96786108849
2017-11-07,3136.6032496831413
2017-11-08,3127.9578580353877
2017-11-09,3160.0389475601887
2017-11-10,3188.6407750670614
2017-11-13,3181.556705085021
2017-11-14,3174.644979037284
2017-11-15,3127.8865734517913
2017-11-16,3175.5320381735255
2017-11-17,3208.8725651026994
2017-11-20,3226.8660771362297
2017-11-21,3221.839911176225
2017-11-22,3223.6879343049654
2017-11-23,3212.5364261429277
2017-11-24,3233.140929612793
2017-11-27,3237.1826833603795
2017-11-28,3235.7241043865924
2017-11-29,3239.9408156273676
2017-11-30,3232.5762099569342
2017-12-01,3187.999880585424
2017-12-04,3182.999662548566
2017-12-05,3196.9979033881136
2017-12-06,3169.5497110787073
2017-12-07,3208.2613975795716
2017-12-08,3250.0080356042154
2017-12-11,3255.427948696843
2017-12-12,3238.004904036524
2017-12-13,3229.945989878085
2017-12-14,3226.9573275063563
2017-12-15,3286.7895539463543
2017-12-18,3310.1635606687464
2017-12-19,3331.8197976434135
2017-12-20,3348.4528473119594
2017-12-21,3371.9660694966133
2017-12-22,3389.0757583980912
2017-12-26,3394.427132598669
2017-12-27,3386.6463545542338
2017-12-28,3382.371082224526
2017-12-29,3396.499413860095
2018-01-01,3386.9636201025105
2018-01-02,3361.064686203273
2018-01-03,3392.108912636818
2018-01-04,3428.312761550748
2018-01-05,3462.170205357353
2018-01-08,3498.4258068544164
2018-01-09,3497.749503914562
2018-01-10,3495.5197971146813
2018-01-11,3497.8801470019957
2018-01-12,3503.564632824799
2018-01-15,3510.5510741109183
2018-01-16,3449.72188626577
2018-01-17,3469.5252902440347
2018-01-18,3416.8758624055727
2018-01-19,3455.666786795887
2018-01-22,3483.0203763198397
2018-01-23,3491.706587444207
2018-01-24,3464.8647095146353
2018-01-25,3433.8177497497413
2018-01-29,3418.4462177065507
2018-01-30,3369.9481060827625
2018-01-31,3332.79896746411
2018-02-01,3350.0123356526265
2018-02-02,3183.302484403361
2018-02-05,3158.562135881528
2018-02-06,3104.0315162673933
2018-02-07,3143.819910326657
2018-02-08,3201.68537932734
2018-02-09,3198.9064829044664
2018-02-12,3267.885832149792
2018-02-14,3285.7866764997843
2018-02-15,3248.869928146507
2018-02-16,3212.352796746375
2018-02-19,3170.0002120305744
2018-02-20,3166.195913712746
2018-02-21,3167.962501123749
2018-02-22,3151.482068489189
2018-02-23,3197.1757130890333
2018-02-26,3229.9625934372407
2018-02-27,3224.0837252626566
2018-02-28,3216.567789802315
2018-03-01,3223.2504410161487
2018-03-05,3197.5929282255565
2018-03-06,3174.621982128593
2018-03-07,3126.7705979302864
2018-03-08,3141.010657937159
2018-03-09,3138.93857785928
2018-03-12,3176.758902916431
2018-03-13,3218.789352011033
2018-03-14,3204.5901609689477
2018-03-15,3206.4963695099923
2018-03-16,3176.868585748605
2018-03-19,3117.168504021763
2018-03-20,3130.0616949687223
2018-03-21,3131.6770034542737
2018-03-22,3110.135288687537
2018-03-23,3072.6763769807044
2018-03-26,3116.6129371751845
2018-03-27,3148.638951744343
2018-03-28,3134.6418502263186
2018-04-02,3196.227733460769
2018-04-03,3216.9451028821045
2018-04-04,3169.9965592394033
2018-04-05,3236.265379881059
2018-04-06,3261.6662510997307
2018-04-09,3289.297231082001
2018-04-10,3284.3789260288954
2018-04-11,3294.715895323197
2018-04-12,3280.756782582718
2018-04-13,3283.0970763570026
2018-04-16,3304.5195509381874
2018-04-17,3311.968403455439
2018-04-18,3296.3137493995555
2018-04-19,3297.1266322922006
2018-04-20,3285.9059639830307
2018-04-23,3293.4773793891304
2018-04-24,3288.2037611397545
2018-04-25,3248.9067191750028
2018-04-26,3255.1254227795207
2018-04-27,3248.8061217339596
2018-04-30,3253.773461850114
2018-05-02,3194.947462387244
2018-05-03,3178.7977206619057
2018-05-04,3200.376213642932
2018-05-07,3260.9953422174917
2018-05-08,3240.548575232434
2018-05-09,3244.236447822797
2018-05-10,3200.7484201720613
2018-05-11,3205.1957625154046
2018-05-14,3159.731791837
2018-05-15,3135.5509592604512
2018-05-16,3146.9795435515625
2018-05-17,3181.7936991906968
2018-05-18,3152.804810929639
2018-05-21,3092.6041016648655
2018-05-22,3138.870335949665
2018-05-23,3121.637675415833
2018-05-24,3097.092198758031
2018-05-25,3149.9283225996983
2018-05-28,3181.9518165658023
2018-05-29,3186.703116882087
2018-05-30,3181.323703000588
2018-05-31,3184.6328263147543
2018-06-01,3139.353679360421
2018-06-04,3080.6687274187843
2018-06-05,3041.135555484747
2018-06-06,3107.2511900615227
2018-06-07,3165.248986304925
2018-06-08,3176.0928681705614
2018-06-11,3184.5282573472805
2018-06-12,3192.09509298585
2018-06-13,3188.485264487669
2018-06-14,3198.617938901792
2018-06-15,3184.168458505098
2018-06-18,3162.092469596735
2018-06-19,3114.0779110829712
2018-06-20,3129.082634066613
2018-06-21,3106.184587395879
2018-06-22,3138.5045818004287
2018-06-25,3132.6483539902238
2018-06-26,3131.4819028618454
2018-06-27,3088.5058137309925
2018-06-28,3024.5176821263194
2018-06-29,3086.7405174032965
2018-07-02,3077.844913083387
2018-07-03,3085.276055517713
2018-07-04,3107.1950775326122
2018-07-05,3096.8690261737024
2018-07-06,3106.543873643678
2018-07-09,3138.5668086693327
2018-07-10,3163.604067699179
2018-07-11,3164.749461570072
2018-07-12,3181.1016089137374
2018-07-13,3186.2662851090276
2018-07-16,3163.231575912407
2018-07-17,3173.8210185477774
2018-07-18,3152.6351273631203
2018-07-19,3131.986735493515
2018-07-20,3170.1462625210147
2018-07-23,3184.3888714484156
2018-07-24,3204.986080313746
2018-07-25,3210.09029322028
2018-07-26,3205.571131305617
2018-07-27,3225.1498398862186
2018-07-30,3228.7242041937166
2018-07-31,3289.476918280265
2018-08-01,3295.562686516473
2018-08-02,3266.165258029822
2018-08-03,3269.0399559852594
2018-08-06,3263.4152252311433
2018-08-07,3273.0369235401004
2018-08-08,3303.7968342559775
2018-08-09,3309.859658437177
2018-08-10,3294.951293080813
2018-08-13,3294.7236114118227
2018-08-14,3320.1772750900586
2018-08-16,3309.9918457896574
2018-08-17,3354.594375171333
2018-08-20,3365.0456978606144
2018-08-21,3370.404650290832
2018-08-23,3379.975174445559
2018-08-24,3373.804764923603
2018-08-27,3405.6777126192874
2018-08-28,3414.5473801488843
2018-08-29,3417.172893282332
2018-08-30,3409.416786792769
2018-08-31,3423.7971275900677
2018-09-03,3386.679650485944
2018-09-04,3340.1112077804246
2018-09-05,3309.594389536536
2018-09-06,3316.153315880323
2018-09-07,3352.4259512799745
2018-09-10,3295.28308475274
2018-09-11,3258.1602834017513
2018-09-12,3277.8861701286282
2018-09-14,3320.089940158348
2018-09-17,3287.9092534476777
2018-09-18,3274.4200810604398
2018-09-19,3252.3076935838303
2018-09-21,3209.576087293457
2018-09-24,3130.9633975983534
2018-09-25,3146.6095176284634
2018-09-26,3141.6668872835016
2018-09-27,3095.0220831153706
2018-09-28,3071.1885966727677
2018-10-01,3065.207643099449
2018-10-03,3022.9851946640306
2018-10-04,2963.010834308858
2018-10-05,2905.1269229687987
2018-10-08,2887.5468111468017
2018-10-09,2867.6187187674827
2018-10-10,2962.7289098764013
2018-10-11,2898.7037342036774
2018-10-12,2993.0847995793497
2018-10-15,2991.3966343297525
2018-10-16,3026.8539689021986
2018-10-17,2971.5524382999415
2018-10-19,2938.0519540879095
2018-10-22,2908.407435878275
2018-10-23,2865.159176683425
2018-10-24,2888.0569210403055
2018-10-25,2878.59597573452
2018-10-26,2886.719881911765
2018-10-29,2923.4931832758693
2018-10-30,2922.8613979360352
2018-10-31,2995.8020710099418
2018-11-01,2994.4697688351976
2018-11-02,3021.419317070343
2018-11-05,3019.530573487577
2018-11-06,3001.1171882214117
2018-11-07,3023.8663128536514
2018-11-09,3036.6463075409447
2018-11-12,3024.7694511027494
2018-11-13,3037.613342596057
2018-11-14,3028.4466498753595
2018-11-15,3042.6503752558096
2018-11-16,3059.4105386952842
2018-11-19,3065.5479057685716
2018-11-20,3046.825783867224
2018-11-21,3050.231472501664
2018-11-22,3025.1188714059194
2018-11-26,3037.94149556117
2018-11-27,3052.6637506478673
2018-11-28,3055.1215528092894
2018-11-29,3084.653034229707
2018-11-30,3115.5639304002175
2018-12-03,3119.22449691327
2018-12-04,3108.3539391608742
2018-12-05,3081.0676708893957
2018-12-06,3022.0131763077175
2018-12-07,3052.0387694644273
2018-12-10,2993.656232106807
2018-12-11,3030.186045647126
2018-12-12,3090.345566880383
2018-12-13,3130.0413122162367
2018-12-14,3129.6690757834535
2018-12-17,3135.466688145323
2018-12-18,3148.803611664822
2018-12-19,3174.7968559701585
2018-12-20,3171.409991706419
2018-12-21,3125.266095273997
2018-12-24,3085.6361985377057
2018-12-26,3091.022030910719
2018-12-27,3097.7990331766996
2018-12-28,3149.380285343399
2018-12-31,3161.749104251725
2019-01-01,3156.7035359031856
2019-01-02,3142.3126554164232
2019-01-03,3126.8300201128236
2019-01-04,3121.4628668759833
2019-01-07,3127.2710539943027
2019-01-08,3127.3155863329125
2019-01-09,3150.4909849359983
2019-01-10,3180.151879239487
2019-01-11,3172.2129728500527
2019-01-14,3173.3820136210416
2019-01-15,3212.511781311663
2019-01-16,3222.145551339437
2019-01-17,3207.780622160632
2019-01-18,3206.268550581169
2019-01-21,3200.216431796379
2019-01-22,3216.4829174829865
2019-01-23,3211.324715313598
2019-01-24,3205.7926567193326
2019-01-25,3183.55449928768
2019-01-28,3120.342641941721
2019-01-29,3149.3750844769124
2019-01-30,3169.5522211269163
2019-01-31,3203.2150082330763
2019-02-01,3242.6584002221152
2019-02-04,3213.629303139057
2019-02-05,3203.6304831237035
2019-02-06,3241.890448813452
2019-02-07,3256.8268987110396
2019-02-08,3216.066647633435
2019-02-11,3150.86394498421
2019-02-12,3134.602219382185
2019-02-14,3122.1976173477988
2019-02-15,3095.6295420264837
2019-02-18,3074.82189063452
2019-02-19,3050.0663710124613
2019-02-20,3081.1610291033253
2019-02-21,3103.3678576197935
2019-02-22,3121.3452660870853
2019-02-25,3151.0563594361847
2019-02-26,3157.9256512282345
2019-02-27,3149.6622957636378
2019-02-28,3156.3420792440797
2019-03-01,3172.383161377627
2019-03-05,3191.782650520264
2019-03-06,3200.8365573660044
2019-03-07,3170.9542358908625
2019-03-08,3158.3501155664
2019-03-11,3195.8056004899513
2019-03-12,3223.5264876265437
2019-03-13,3213.989146695371
2019-03-14,3209.584101103977
2019-03-15,3213.815861524604
2019-03-18,3208.553905891243
2019-03-19,3231.3383528236695
2019-03-20,3229.4214365106463
2019-03-22,3221.478543862553
2019-03-25,3204.915958738403
2019-03-26,3233.93792087625
2019-03-27,3229.211581776285
2019-03-28,3252.6897165979603
2019-04-01,3312.6154302650402
2019-04-02,3310.6251525497873
2019-04-03,3298.29251878016
2019-04-04,3298.4954990440847
2019-04-05,3302.518616240756
2019-04-08,3286.941748211615
2019-04-09,3303.1957887943727
2019-04-10,3304.7298213985946
2019-04-11,3300.8870979974836
2019-04-12,3315.648931506604
2019-04-15,3327.0827358848865
2019-04-16,3334.1856693491636
2019-04-18,3317.756093565511
2019-04-22,3291.5805516877995
2019-04-23,3293.1704359019254
2019-04-24,3319.008890133416
2019-04-25,3312.294160173431
2019-04-26,3323.2110379767396
2019-04-30,3322.5226074272045
2019-05-02,3289.4453581149496
2019-05-03,3257.630829963572
2019-05-06,3229.3862683014654
2019-05-07,3219.8779067459272
2019-05-08,3185.1185686486638
2019-05-09,3184.46259079441
2019-05-10,3183.674615191502
2019-05-13,3150.0675903289953
2019-05-14,3132.5720558499575
2019-05-15,3135.3632483187375
2019-05-16,3161.928541383933
2019-05-17,3172.8363057452266
2019-05-20,3242.629967333989
2019-05-21,3247.6566162693903
2019-05-22,3241.562990142189
2019-05-23,3228.5511465365703
2019-05-24,3250.730354312028
2019-05-27,3246.121499876121
2019-05-28,3270.278671768913
2019-05-29,3265.7274408448143
2019-05-30,3285.078261329233
2019-05-31,3302.331329492558
2019-06-03,3339.904312514577
2019-06-04,3319.6068112860457
2019-06-06,3289.4867839588856
2019-06-07,3290.5462250656838
2019-06-10,3318.1170967589096
2019-06-11,3328.7804786791967
2019-06-12,3316.4239109250557
2019-06-13,3309.0057079874164
2019-06-14,3287.6181825640524
2019-06-17,3258.316894985458
2019-06-18,3261.95364006785
2019-06-19,3243.4409089653996
2019-06-20,3258.9798167508125
2019-06-21,3244.87670988327
2019-06-24,3239.320116290694
2019-06-25,3251.3255068999797
2019-06-26,3263.2738250735683
2019-06-27,3258.3012979970795
2019-06-28,3266.0267961715444
2019-07-01,3273.675221772739
2019-07-02,3295.611331737227
2019-07-03,3298.352805682594
2019-07-04,3315.206301100731
2019-07-05,3261.3587397344822
2019-07-08,3167.919616753639
2019-07-09,3164.2931604435694
2019-07-10,3105.597963940424
2019-07-11,3110.2226803595886
2019-07-12,3101.7436432197883
2019-07-15,3098.036355189903
2019-07-16,3130.8640889920985
2019-07-17,3130.1259722011164
2019-07-18,3107.5337702980687
2019-07-19,3037.7684877127494
2019-07-22,3017.6816589574264
2019-07-23,3019.036164729
2019-07-24,2982.408533298202
2019-07-25,2986.8246400155117
2019-07-26,3028.0643149713596
2019-07-29,3008.555261413674
2019-07-30,2964.295450253806
2019-07-31,2975.8281329251495
2019-08-01,2945.861383734999
2019-08-02,2936.508918142341
2019-08-05,2884.9995641239107
2019-08-06,2932.6887308766923
2019-08-07,2909.0011887427368
2019-08-08,2945.9370629909513
2019-08-09,2968.7497084476663
2019-08-13,2886.8187056799147
2019-08-14,2935.0249889487045
2019-08-16,2946.4715184135143
2019-08-19,2952.3674430013216
2019-08-20,2927.789060915821
2019-08-21,2889.7342852062097
2019-08-22,2848.3857273106164
2019-08-23,2872.0977675450167
2019-08-26,2930.6512031386924
2019-08-27,2946.166985696433
2019-08-28,2925.41945135726
2019-08-29,2902.492101911108
2019-08-30,2938.3893791146506
2019-09-03,2883.753485869924
2019-09-04,2889.979021301809
2019-09-05,2900.4331830275623
2019-09-06,2922.887754228133
2019-09-09,2968.4890250959697
2019-09-11,2966.824538128151
2019-09-12,2959.291894934881
2019-09-13,2990.389719123254
2019-09-16,2981.740165324397
2019-09-17,2934.684825216413
2019-09-18,2948.772314956547
2019-09-19,2911.1653868363333
2019-09-20,3082.892964637138
2019-09-23,3189.270314234923
2019-09-24,3179.928655606047
2019-09-25,3129.2513738969546
2019-09-26,3162.6316113551297
2019-09-27,3175.2181770134903
2019-09-30,3146.2539170097275
2019-10-01,3089.2625088063796
2019-10-03,3087.6353519557333
2019-10-04,3054.213118266814
2019-10-07,3050.285783274074
2019-10-09,3097.1642285620696
2019-10-10,3064.091702691051
2019-10-11,3069.156719664066
2019-10-14,3077.757000691803
2019-10-15,3086.369196203392
2019-10-16,3085.2260200547207
2019-10-17,3133.027632741911
2019-10-18,3165.8087249071955
2019-10-22,3187.919661021447
2019-10-23,3195.6742768162912
2019-10-24,3211.220176279355
2019-10-25,3186.6127383359494
2019-10-27,3199.6154893646876
2019-10-29,3228.0961657704097
2019-10-30,3236.795845372022
2019-10-31,3267.7869403371133
2019-11-01,3272.3360602832145
2019-11-04,3282.053478780812
2019-11-05,3282.612923345788
2019-11-06,3273.193499836038
2019-11-07,3286.3248054426535
2019-11-08,3272.097659966708
2019-11-11,3283.0209466867864
2019-11-13,3239.288260482282
2019-11-14,3257.2088080667113
2019-11-15,3263.753826761369
2019-11-18,3279.9327764783266
2019-11-19,3282.643703811225
2019-11-20,3292.2690589449408
2019-11-21,3266.0663981373837
2019-11-22,3244.0717755953447
2019-11-25,3282.577936610344
2019-11-26,3269.4818501584095
2019-11-27,3293.311029279037
2019-11-28,3315.791623039979
2019-11-29,3299.1602370718774
2019-12-02,3282.9201752714866
2019-12-03,3271.6455728542805
2019-12-04,3289.005596082374
2019-12-05,3274.9378137115227
2019-12-06,3232.2631905439507
2019-12-09,3241.8956714163737
2019-12-10,3218.766993322706
2019-12-11,3245.612727268462
2019-12-12,3272.7998111305883
2019-12-13,3302.146936926401
2019-12-16,3293.2592995407877
2019-12-17,3302.7521488301823
2019-12-18,3295.6179007466653
2019-12-19,3298.615169630292
2019-12-20,3326.8455320055127
2019-12-23,3321.0153767236097
2019-12-24,3319.2368173958816
2019-12-26,3319.6928029504284
2019-12-27,3351.1987877691886
2019-12-30,3355.7243655244906
2019-12-31,3344.95968903784
2020-01-01,3350.1838054895948
2020-01-02,3358.3536616049296
2020-01-03,3357.3756524398273
2020-01-06,3295.654563795009
2020-01-07,3312.547376583216
2020-01-08,3331.0246636650977
2020-01-09,3384.415201658254
2020-01-10,3378.211641110184
2020-01-13,3381.6661860365593
2020-01-14,3417.225320617798
2020-01-15,3439.071452162671
2020-01-16,3463.7723359332836
2020-01-17,3478.7894077748374
2020-01-20,3467.308502765857
2020-01-21,3454.6979001486557
2020-01-22,3444.7665350436273
2020-01-23,3480.6385176960616
2020-01-24,3510.494606727744
2020-01-27,3511.5682245639587
2020-01-28,3522.651287270427
2020-01-29,3543.270980618146
2020-01-30,3517.6438342880856
2020-01-31,3516.2214317822118
2020-02-03,3470.779030477088
2020-02-04,3511.747887042079
2020-02-05,3527.5547784442315
2020-02-06,3558.448925316067
2020-02-07,3604.5149679890083
2020-02-10,3596.5387227698097
2020-02-11,3587.8220308588693
2020-02-12,3611.4335655909867
2020-02-13,3604.955394205212
2020-02-14,3599.8587134969257
2020-02-17,3555.412851455804
2020-02-18,3561.590383924907
2020-02-19,3638.7249993170117
2020-02-20,3634.1620767491927
2020-02-24,3574.5666549740604
2020-02-25,3556.766687553632
2020-02-26,3515.5112048190194
2020-02-27,3492.3314964486553
2020-02-28,3401.5120394088917
2020-03-02,3395.2625637542264
2020-03-03,3449.8593024648194
2020-03-04,3386.329540193375
2020-03-05,3401.208392531633
2020-03-06,3355.1258408017434
2020-03-09,3222.3839697994636
2020-03-11,3211.1429477955535
2020-03-12,2978.229313883897
2020-03-13,3073.710108979149
2020-03-16,2900.401861866398
2020-03-17,2823.6742216265498
2020-03-18,2626.541679989351
2020-03-19,2537.957003099539
2020-03-20,2657.8048609785305
2020-03-23,2286.232620600954
2020-03-24,2336.1970516197694
2020-03-25,2476.0116816434715
2020-03-26,2602.6089692331725
2020-03-27,2563.947655986341
2020-03-30,2529.745645022259
2020-03-31,2612.2320765609925
2020-04-01,2579.544221280606
2020-04-03,2541.5573162816827
2020-04-07,2725.5734680587752
2020-04-08,2759.1405194705867
2020-04-09,2837.7155768414636
2020-04-13,2798.201222750553
2020-04-15,2822.215438999341
2020-04-16,2864.985156410088
2020-04-17,2917.3554578903827
2020-04-20,2911.6510274047064
2020-04-21,2833.0350709162126
2020-04-22,2874.323989175043
2020-04-23,2903.2677403961006
2020-04-24,2817.283071647771
2020-04-27,2916.8027185178184
2020-04-28,2947.3126832562148
2020-04-29,2990.103210866151
2020-04-30,3041.24721118501
2020-05-04,2927.945973710362
2020-05-05,2914.586493904371
2020-05-06,2936.177595257497
2020-05-07,2918.442789505581
2020-05-08,2941.071222068821
2020-05-11,2935.915307323472
2020-05-12,2930.205291699688
2020-05-13,2948.3431910852864
2020-05-14,2932.6981749285774
2020-05-15,2906.4643419349322
2020-05-18,2804.3558305431657
2020-05-19,2815.8778739157347
2020-05-20,2849.2707503345505
2020-05-21,2866.2811848196807
2020-05-22,2841.0324173157614
2020-05-26,2873.126256816444
2020-05-27,2877.4027787996984
2020-05-28,2921.32951987864
2020-05-29,2957.9144803612007
2020-06-01,3022.3165781320436
2020-06-02,3055.238749415965
2020-06-03,3084.8299920138
2020-06-04,3089.782894886615
2020-06-05,3126.412328033179
2020-06-08,3129.764496001169
2020-06-09,3110.9855127485557
2020-06-10,3119.1842442319466
2020-06-11,3087.1225984749817
2020-06-12,3109.078648901461
2020-06-15,3082.147016290424
2020-06-16,3107.3926704181545
2020-06-17,3100.220735491796
2020-06-18,3119.291293275941
2020-06-19,3164.335767424526
2020-06-22,3210.3090073179983
2020-06-23,3302.256424790643
2020-06-24,3234.6958817756326
2020-06-25,3252.230982437597
2020-06-26,3231.286495591401
2020-06-29,3194.929682867351
2020-06-30,3188.3976813185864
2020-07-01,3165.227690876768
2020-07-02,3201.2973911050963
2020-07-03,3222.6735575357634
2020-07-06,3238.155933284902
2020-07-07,3242.987300634626
2020-07-08,3233.222391339169
2020-07-09,3239.2732418538326
2020-07-10,3237.264386243388
2020-07-13,3223.2722551095057
2020-07-14,3211.2691435814245
2020-07-15,3210.034132646539
2020-07-16,3233.1744083088474
2020-07-17,3262.7982134366807
2020-07-20,3283.015155424969
2020-07-21,3248.3964434038367
2020-07-22,3256.055776031799
2020-07-23,3281.403085031184
2020-07-24,3258.04718798424
2020-07-27,3235.2222365755324
2020-07-28,3235.2267671805403
2020-07-29,3277.482378781662
2020-07-30,3287.788032044566
2020-07-31,3357.3495711951437
2020-08-03,3373.91014726987
2020-08-04,3420.673305537445
2020-08-05,3431.706946209963
2020-08-06,3479.923081083779
2020-08-07,3515.930868846435
2020-08-10,3604.1175591009765
2020-08-11,3547.4559911842366
2020-08-12,3519.768939990402
2020-08-13,3518.2040835690727
2020-08-14,3513.4244321709057
2020-08-17,3518.768895209411
2020-08-18,3541.912114754319
2020-08-19,3544.4813323006147
2020-08-20,3542.1961629658476
2020-08-21,3558.701939184892
2020-08-24,3591.0116494940303
2020-08-25,3601.4077926673494
2020-08-26,3589.279229217911
2020-08-27,3586.6265010224365
2020-08-28,3590.925021247129
2020-08-31,3457.7324947209354
2020-09-01,3526.9965794218697
2020-09-02,3594.3956939036075
2020-09-03,3632.0977748483406
2020-09-04,3567.182817136471
2020-09-07,3551.6920246397212
2020-09-08,3516.7478242512298
2020-09-09,3545.004066885012
2020-09-10,3555.216711665414
2020-09-11,3582.5588886491773
2020-09-14,3615.029209141557
2020-09-15,3672.2448764155847
2020-09-16,3703.5170783348535
2020-09-17,3692.55899238119
2020-09-18,3747.9011917898074
2020-09-21,3608.957788080177
2020-09-22,3582.855553851545
2020-09-23,3535.5820227659274
2020-09-24,3487.8208643531907
2020-09-25,3577.568155628679
2020-09-28,3631.495622491535
2020-09-29,3635.7909297208394
2020-09-30,3661.686594503306
2020-10-01,3684.588500327
2020-10-05,3682.1769892903208
2020-10-06,3679.2575440562396
2020-10-07,3655.5792177542826
2020-10-08,3676.599443431321
2020-10-09,3635.7706743905273
2020-10-12,3638.4435748059127
2020-10-13,3626.5971462214898
2020-10-14,3642.2096957335716
2020-10-15,3586.2773093467604
2020-10-16,3620.6162477208186
2020-10-19,3609.7119959783217
2020-10-20,3613.5498449412953
2020-10-21,3616.172284127534
2020-10-22,3633.5067708865136
2020-10-23,3651.0263990171493
2020-10-26,3616.6722028867794
2020-10-27,3701.7856019677924
2020-10-28,3697.7455892505013
2020-10-29,3716.183945837158
2020-10-30,3734.557343134609
2020-11-02,3724.8583404313995
2020-11-03,3732.3886111887114
2020-11-04,3777.4771521451794
2020-11-05,3827.0661092410332
2020-11-06,3820.7580679430707
2020-11-09,3859.3006992632963
2020-11-10,3726.5030161737554
2020-11-11,3810.1730090814103
2020-11-12,3847.7717027651956
2020-11-13,3907.588020117519
2020-11-14,3928.349576047527
2020-11-17,3946.826649723039
2020-11-18,3948.2433474464146
2020-11-19,3924.362051929589
2020-11-20,3980.8720170379092
2020-11-23,4036.437981443213
2020-11-24,4070.8308275585623
2020-11-25,3974.0596418102896
2020-11-26,3988.917656780874
2020-11-27,4048.04531423301
2020-12-01,4069.563457677133
2020-12-02,4081.484856869413
2020-12-03,4105.437862900641
2020-12-04,4118.865621218308
2020-12-07,4138.999630220547
2020-12-08,4132.729091749735
2020-12-09,4126.147020646795
2020-12-10,4130.322074612647
2020-12-11,4124.180313369148
2020-12-14,4141.401349566974
2020-12-15,4128.65414918631
2020-12-16,4159.795537670571
2020-12-17,4159.959359865691
2020-12-18,4177.474184281967
2020-12-21,4070.6609690350538
2020-12-22,4130.685892923455
2020-12-23,4191.9020591182625
2020-12-24,4219.276459746312
2020-12-28,4236.8504983396415
2020-12-29,4227.52377869489
2020-12-30,4235.322834103101
2020-12-31,4247.460462105254
2021-01-01,4280.213540170776
2021-01-04,4343.9331542522295
2021-01-05,4402.282238473123
2021-01-06,4382.684214641046
2021-01-07,4406.256252925731
2021-01-08,4449.214698519866
2021-01-11,4453.318582112674
2021-01-12,4464.377375816648
2021-01-13,4440.591495200903
2021-01-14,4454.934308834833
2021-01-15,4406.58219303418
2021-01-18,4317.222571236782
2021-01-19,4393.402957479281
2021-01-20,4444.712757531545
2021-01-21,4409.43543586434
2021-01-22,4357.633379797566
2021-01-25,4330.621191988892
2021-01-27,4279.172358028949
2021-01-28,4222.794845471865
2021-01-29,4165.198539034815
2021-02-01,4281.785684275376
2021-02-02,4356.039363976497
2021-02-03,4430.69449420787
2021-02-04,4479.587249810567
2021-02-05,4477.633874825787
2021-02-08,4552.205631801189
2021-02-09,4556.425415217293
2021-02-10,4579.277635574306
2021-02-11,4631.029391735775
2021-02-12,4653.230760288228
2021-02-15,4749.755094739259
2021-02-16,4797.7178234640705
2021-02-17,4792.491220111506
2021-02-18,4812.3899329468895
2021-02-19,4728.705948082576
2021-02-22,4703.039494428623
2021-02-23,4728.475025221597
2021-02-24,4750.967326834878
2021-02-25,4778.324594682708
2021-02-26,4724.112630050407
2021-03-01,4769.691436904235
2021-03-02,4867.755545146549
2021-03-03,4989.034557103472
2021-03-04,4998.722646395942
2021-03-05,4915.525080563126
2021-03-08,4919.681369397421
2021-03-09,4918.407891370884
2021-03-10,4981.121682412348
2021-03-12,4982.788184098134
2021-03-15,4988.353545496197
2021-03-16,4989.002337851941
2021-03-17,4884.9349132142215
2021-03-18,4836.534886437381
2021-03-19,4909.074742874948
2021-03-22,5003.159755371428
2021-03-23,5065.711507141262
2021-03-24,4988.977959018751
2021-03-25,4873.75055610961
2021-03-26,4954.790593438586
2021-03-30,5043.297218405295
2021-03-31,5060.398250455107
2021-04-01,5197.620966968817
2021-04-05,5252.377095058371
2021-04-06,5372.977007065705
2021-04-07,5399.943598010781
2021-04-08,5400.251210441132
2021-04-09,5448.245500267932
2021-04-12,5219.384648120979
2021-04-13,5248.209014361128
2021-04-15,5287.503867839463
2021-04-16,5396.7188244628005
2021-04-19,5380.682168843416
2021-04-20,5410.813519177409
2021-04-22,5448.5102803839
2021-04-23,5448.746197308228
2021-04-26,5466.580910364558
2021-04-27,5539.282417254582
2021-04-28,5579.57694530314
2021-04-29,5605.637366950388
2021-04-30,5580.030574307277
2021-05-03,5682.842661885423
2021-05-04,5647.292906547315
2021-05-05,5713.033102164095
2021-05-06,5775.162781410207
2021-05-07,5757.700964803434
2021-05-10,5772.098389762577
2021-05-11,5773.35132161078
2021-05-12,5709.691941217542
2021-05-14,5588.937143415187
2021-05-17,5696.427332561299
2021-05-18,5795.090166853805
2021-05-19,5804.354827060986
2021-05-20,5809.837432189712
2021-05-21,5858.361209175223
2021-05-24,5883.441428206513
2021-05-25,5840.127993388836
2021-05-26,5865.658085835936
2021-05-27,5898.817881148778
2021-05-28,5871.437706229174
2021-05-31,5921.34260528297
2021-06-01,6031.551067600915
2021-06-02,6169.677180118338
2021-06-03,6229.39972201605
2021-06-04,6296.188355656186
2021-06-07,6302.724202324016
2021-06-08,6368.351616410198
2021-06-09,6300.486975982626
2021-06-10,6387.364781667851
2021-06-11,6425.212214230214
2021-06-14,6373.748687266726
2021-06-15,6356.765812925558
2021-06-16,6254.4193454088945
2021-06-17,6155.021855483848
2021-06-18,6115.830329854463
2021-06-21,6195.0638967933655
2021-06-22,6260.360940061885
2021-06-23,6195.115393462157
2021-06-24,6190.586556846917
2021-06-25,6248.8802947393215
2021-06-28,6245.042602563016
2021-06-29,6219.264419055133
2021-06-30,6199.625183774071
2021-07-01,6136.883413450416
2021-07-02,6090.464476086316
2021-07-05,6068.737272097589
2021-07-06,6075.807959962187
2021-07-07,6101.114246493008
2021-07-08,6053.575202474784
2021-07-09,6105.792862405335
2021-07-12,6109.775419023074
2021-07-13,6114.799963253864
2021-07-14,6106.631458882149
2021-07-15,6162.010615079251
2021-07-16,6182.4929650873055
2021-07-19,6092.24575822727
2021-07-20,5993.183520374393
2021-07-22,6122.440651062563
2021-07-23,6153.017507013759
2021-07-26,6151.978895777679
2021-07-27,6124.1977513086385
2021-07-28,6149.4944488666615
2021-07-29,6233.69391311621
2021-07-30,6234.5266751762765
2021-08-02,6296.359963009467
2021-08-03,6324.589807070259
2021-08-04,6291.192597554841
2021-08-05,6326.941694693215
2021-08-06,6370.3173637811315
2021-08-09,6332.873868626275
2021-08-10,6228.622748233379
2021-08-11,6272.020029986644
2021-08-12,6322.434349816716
2021-08-13,6353.767000610377
2021-08-16,6381.492985443266
2021-08-17,6369.295747434045
2021-08-18,6382.539824843206
2021-08-20,6231.854171023931
2021-08-23,6185.961044536762
2021-08-24,6325.199381913366
2021-08-25,6415.377383676542
2021-08-26,6465.637368431055
2021-08-27,6547.71381855967
2021-08-30,6690.878824997685
2021-08-31,6803.676842679011
2021-09-01,6838.639750099865
2021-09-02,6895.358482485949
2021-09-03,6930.07681818554
2021-09-06,6950.745586690199
2021-09-07,6909.794925112546
2021-09-08,6946.228955083579
2021-09-09,7019.54898514276
2021-09-13,7062.964320886288
2021-09-14,7082.808262209133
2021-09-15,7134.287086646361
2021-09-16,7160.384455199743
2021-09-17,7064.389437468947
2021-09-20,6857.9323999772405
2021-09-21,6872.269968173125
2021-09-22,6868.916215402115
2021-09-23,6970.890816116471
2021-09-24,6917.545429057265
2021-09-27,6915.59772631689
2021-09-28,6856.043091880008
2021-09-29,6908.944208443287
2021-09-30,6930.035832347543
2021-10-01,6956.087909621801
2021-10-04,7086.822307590311
2021-10-05,7136.071681611363
2021-10-06,7083.399649785032
2021-10-07,7188.111239644874
2021-10-08,7207.648528622124
2021-10-11,7269.360365322022
2021-10-12,7304.995478095838
2021-10-13,7503.595701118665
2021-10-14,7636.941939440149
2021-10-18,7759.90071431174
2021-10-19,7629.724041511713
2021-10-20,7497.669371172431
2021-10-21,7504.158569691695
2021-10-22,7371.186445878105
2021-10-25,7328.5876584152375
2021-10-26,7444.405971917024
2021-10-27,7445.736823840677
2021-10-28,7185.258501487633
2021-10-29,7186.905197066639
2021-11-01,7298.903792076265
2021-11-02,7321.932926191774
2021-11-03,7369.6008520203895
2021-11-04,7398.513274295709
2021-11-08,7521.623505610771
2021-11-09,7587.627920742956
2021-11-10,7596.355650053156
2021-11-11,7581.240058845653
2021-11-12,7676.938282901555
2021-11-15,7648.449864533787
2021-11-16,7625.7255744646955
2021-11-17,7594.949440371713
2021-11-18,7504.450424814964
2021-11-22,7374.904171673947
2021-11-23,7539.184048850623
2021-11-24,7510.564215759556
2021-11-25,7581.064300575842
2021-11-26,7285.734700297353
2021-11-29,7186.2901228948285
2021-11-30,7139.822439338224
2021-12-01,7261.2135533707215
2021-12-02,7396.160999761369
2021-12-03,7364.929983736087
2021-12-06,7241.423533674342
2021-12-07,7380.172818917273
2021-12-08,7499.0197666801605
2021-12-09,7550.9291002125465
2021-12-10,7613.5484050584155
2021-12-13,7587.574884392981
2021-12-14,7648.443035415628
2021-12-15,7601.713992666279
2021-12-16,7585.101537453754
2021-12-17,7408.605973508097
2021-12-20,7145.192522646564
2021-12-21,7277.150121243092
2021-12-22,7396.066893837381
2021-12-23,7447.579747909214
2021-12-24,7364.674872843144
2021-12-27,7397.178962219868
2021-12-28,7464.723190121705
2021-12-29,7426.714402670993
2021-12-30,7351.424550501374
2021-12-31,7466.754227520227
2022-01-03,7559.327102737918
2022-01-04,7600.575093305864
2022-01-05,7573.48684728482
2022-01-06,7575.657437023238
2022-01-07,7640.758844669408
2022-01-10,7698.203256648396
2022-01-11,7724.587864357236
2022-01-12,7733.837253236254
2022-01-13,7776.435279575695
2022-01-14,7746.753589561073
2022-01-17,7765.603663782217
2022-01-18,7595.185343533702
2022-01-19,7589.276787524503
2022-01-20,7622.401514562381
2022-01-21,7474.115693040403
2022-01-24,7160.586803534166
2022-01-25,7208.334774129684
2022-01-27,7096.6113192356015
2022-01-28,7155.822916448532
2022-01-31,7260.233306413646
2022-02-01,7307.80866135479
2022-02-02,7397.643563094406
2022-02-03,7345.341173265614
2022-02-04,7372.24510062665
2022-02-07,7311.823244278689
2022-02-08,7253.357955335859
2022-02-09,7313.895433785338
2022-02-10,7392.7246463833235
2022-02-11,7245.964270798392
2022-02-14,6939.585963196647
2022-02-15,7149.155667945939
2022-02-16,7123.479813767493
2022-02-17,7138.919784684162
2022-02-18,7065.079022338358
2022-02-21,6964.295069194474
2022-02-22,6927.877447817359
2022-02-23,6980.600118366302
2022-02-24,6564.960615882831
2022-02-25,6832.773500967877
2022-02-28,6962.214245888336
2022-03-02,7002.697764349404
2022-03-03,7065.032892614952
2022-03-04,6925.676317435029
2022-03-07,6769.847561367106
2022-03-08,6812.03729239906
2022-03-09,6908.257518178653
2022-03-10,7061.163920227809
2022-03-11,7092.981958139697
2022-03-14,7105.910700016162
2022-03-15,7016.296482737763
2022-03-16,7159.260256589829
2022-03-17,7236.051227503681
2022-03-21,7234.767206602333
2022-03-22,7302.849056105944
2022-03-23,7339.866200939325
2022-03-24,7419.938365760731
2022-03-25,7488.470425565094
2022-03-28,7513.909268936266
2022-03-29,7497.391781924932
2022-03-30,7575.0028607870645
2022-03-31,7557.064596368209
2022-04-01,7681.911768550248
2022-04-04,7838.450126755355
2022-04-05,7996.32126196542
2022-04-06,8052.879396237113
2022-04-07,7894.05332746613
2022-04-08,8012.284671076776
2022-04-11,8159.163541845801
2022-04-12,7954.608233762632
2022-04-13,7932.700418215628
2022-04-18,7816.055473984433
2022-04-19,7664.9603889602095
2022-04-20,7728.899884330671
2022-04-21,7847.710288676678
2022-04-22,7763.465182939703
2022-04-25,7616.834901138481
2022-04-26,7775.359466655186
2022-04-27,7674.153853895757
2022-04-28,7703.6863066685555
2022-04-29,7614.764309439723
2022-05-02,7530.86048002387
2022-05-04,7375.983051450215
2022-05-05,7415.521219731023
2022-05-06,7236.11890082462
2022-05-09,7077.360802289514
2022-05-10,6858.892495785573
2022-05-11,6726.827460610288
2022-05-12,6533.743432146851
2022-05-13,6612.9307340864825
2022-05-16,6709.059512346137
2022-05-17,6985.2343680869335
2022-05-18,6989.1842056843725
2022-05-19,6769.992648683564
2022-05-20,6903.404429186007
2022-05-23,6838.370141674714
2022-05-24,6776.256943158216
2022-05-25,6551.310293050772
2022-05-26,6635.374133748535
2022-05-27,6754.051762994832
2022-05-30,6929.0463059066515
2022-05-31,6932.840485634611
2022-06-01,6860.388549226404
2022-06-02,6922.267799313845
2022-06-03,6804.698280794426
2022-06-06,6828.821122390619
2022-06-07,6810.176124591416
2022-06-08,6764.151044149434
2022-06-09,6815.134235705197
2022-06-10,6773.214779748746
2022-06-13,6546.734674539641
2022-06-14,6567.355516560603
2022-06-15,6567.521912744388
2022-06-16,6388.5472788425695
2022-06-17,6266.61040427641
2022-06-20,6093.563281597455
2022-06-21,6360.014535767908
2022-06-22,6235.874605035127
2022-06-23,6300.051039204364
2022-06-24,6368.4684583356975
2022-06-27,6454.68424124663
2022-06-28,6514.413495861052
2022-06-29,6512.210147515761
2022-06-30,6468.831213475848
2022-07-01,6457.87984145438
2022-07-04,6481.982093394103
2022-07-05,6476.459676746344
2022-07-06,6529.707405097666
2022-07-07,6609.552478018658
2022-07-08,6637.236869037149
2022-07-11,6797.995684318725
2022-07-12,6807.97198470322
2022-07-13,6748.3237727618125
2022-07-14,6752.243029125388
2022-07-15,6828.994226760819
2022-07-18,6920.708441779915
2022-07-19,6955.727785404633
2022-07-20,6933.036640256036
2022-07-21,7041.449717782462
2022-07-22,7031.966900583477
2022-07-25,7063.219214955774
2022-07-26,7043.037112738916
2022-07-27,7086.114542238962
2022-07-28,7142.607539854415
2022-07-29,7220.280514140843
2022-08-01,7385.068253128878
2022-08-02,7436.525858061964
2022-08-03,7439.880925382299
2022-08-04,7472.091810807223
2022-08-05,7468.381160140058
2022-08-08,7563.152036015346
2022-08-10,7556.9425483015075
2022-08-11,7584.55640223322
2022-08-12,7674.489470427788
2022-08-16,7814.7882887428
2022-08-17,7841.146559359419
2022-08-18,7904.381927749811
2022-08-19,7806.001136338876
2022-08-22,7725.670640716474
2022-08-23,7782.200913604667
2022-08-24,7788.507614418127
2022-08-25,7743.948236336226
2022-08-26,7781.6386720712735
2022-08-29,7756.606000544702
2022-08-30,7998.229010020806
2022-09-01,8074.375264462252
2022-09-02,8078.637907709164
2022-09-05,8108.025883141474
2022-09-06,8173.425034810534
2022-09-07,8172.3152976540005
2022-09-08,8186.1463817340655
2022-09-09,8185.023309031209
2022-09-12,8271.773370440167
2022-09-13,8284.287798079204
2022-09-14,8269.17102368165
2022-09-15,8378.715571157598
2022-09-16,8213.457466346897
2022-09-19,8239.330036759875
2022-09-20,8333.519124453915
2022-09-21,8245.816213414393
2022-09-22,8326.244917390304
2022-09-23,8175.182300802851
2022-09-26,7868.923006017354
2022-09-27,7828.541907100336
2022-09-28,7788.683739237557
2022-09-29,7807.939808194694
2022-09-30,7903.181701928885
2022-10-03,7719.489454696137
2022-10-04,7891.124634757859
2022-10-06,8056.1613666939675
2022-10-07,8042.5669432735685
2022-10-10,7955.154981254996
2022-10-11,7854.462927544693
2022-10-12,7884.509759839739
2022-10-13,7837.809208663091
2022-10-14,7767.075434963446
2022-10-17,7814.976087447599
2022-10-18,7882.057651672077
2022-10-19,7839.008680455081
2022-10-20,7884.404234420465
2022-10-21,7809.10363944921
2022-10-24,7866.798339812219
2022-10-25,7858.835595079706
2022-10-27,7910.566392750508
2022-10-28,7860.83446449229
2022-10-31,7971.2487487309745
2022-11-01,8114.107267086436
2022-11-02,8094.84911855876
2022-11-03,8076.632853537832
2022-11-04,8114.147537065791
2022-11-07,8178.402423510916
2022-11-09,8173.017858349055
2022-11-10,8105.2555791697405
2022-11-11,8058.913362077096
2022-11-14,8018.018604925039
2022-11-15,8023.618486592878
2022-11-16,7975.643875142137
2022-11-17,7953.480516426106
2022-11-18,7881.011605872225
2022-11-21,7847.640919035146
2022-11-22,7889.2831241197
2022-11-23,7888.092061330261
2022-11-24,7904.8276903447895
2022-11-25,7915.04427020799
2022-11-28,7938.3936214010655
2022-11-29,7897.84455428022
2022-11-30,7998.772230050111
2022-12-01,8002.441085028846
2022-12-02,7998.671360769066
2022-12-05,7991.221830553123
2022-12-06,8002.448849135101
2022-12-07,7973.082586745377
2022-12-08,7980.651071173085
2022-12-09,7942.809431930023
2022-12-12,7927.021060076841
2022-12-13,7952.975245444426
2022-12-14,7962.304378544265
2022-12-15,7913.738781533098
2022-12-16,7794.673529242704
2022-12-19,7833.804297904122
2022-12-20,7828.153406028839
2022-12-21,7641.363655639653
2022-12-22,7556.545437890983
2022-12-23,7253.092581542391
2022-12-26,7482.881562271188
2022-12-27,7565.199356239636
2022-12-28,7668.59872931417
2022-12-29,7692.992302056782
2022-12-30,7673.412318790293
2023-01-02,7705.903426434267
2023-01-03,7724.1824571703255
2023-01-04,7615.20935627188
2023-01-05,7660.36320873748
2023-01-06,7601.133877117062
2023-01-09,7687.607863655586
2023-01-10,7568.0657858028335
2023-01-11,7565.489486626321
2023-01-12,7555.126537814955
2023-01-13,7612.130756096049
2023-01-16,7642.907492261577
2023-01-17,7648.323315111033
2023-01-18,7615.487310427142
2023-01-19,7600.816193438799
2023-01-20,7602.3980518570115
2023-01-23,7587.478406997413
2023-01-24,7561.385295965733
2023-01-25,7376.69633950176
2023-01-27,7055.666125920724
2023-01-30,6986.749347188058
2023-01-31,7115.771196312821
2023-02-01,6831.927186371574
2023-02-02,6798.606998953053
2023-02-03,6849.42596182041
2023-02-06,6856.569971509466
2023-02-07,6853.537582137001
2023-02-08,6922.149582467359
2023-02-09,6847.569833353632
2023-02-10,6841.480031817799
2023-02-13,6755.713965401713
2023-02-14,6756.4109761529
2023-02-15,6752.4172498072185
2023-02-16,6805.890980624693
2023-02-17,6754.327983973098
2023-02-20,6719.010259949468
2023-02-21,6702.673846145422
2023-02-22,6565.721556561865
2023-02-23,6568.062150906158
2023-02-24,6522.762103390437
2023-02-27,6504.956630931543
2023-02-28,6559.388620887561
2023-03-01,6708.171381649569
2023-03-02,6726.548490431357
2023-03-03,6869.143880847464
2023-03-06,6906.840180649389
2023-03-08,6999.845691341714
2023-03-09,6936.455098812556
2023-03-10,6879.724262612235
2023-03-13,6773.513943456054
2023-03-14,6691.949550982344
2023-03-15,6693.388932357303
2023-03-16,6683.185640097874
2023-03-17,6700.698362490991
2023-03-20,6598.122220850941
2023-03-21,6677.535376963058
2023-03-22,6707.621976311137
2023-03-23,6657.043338000758
2023-03-24,6601.582821893742
2023-03-27,6557.746699456103
2023-03-28,6521.342093471778
2023-03-29,6668.117964845945
2023-03-31,6742.449150897035
2023-04-03,6760.503364905692
2023-04-05,6764.297624484256
2023-04-06,6789.20941793182
2023-04-10,6803.900678690872
2023-04-11,6863.13782948651
2023-04-12,6885.527047178168
2023-04-13,6883.984422831814
2023-04-17,6977.4748537048645
2023-04-18,6983.489359736632
2023-04-19,6963.650297920477
2023-04-20,6952.073043490682
2023-04-21,6938.325252516458
2023-04-24,7013.750621499553
2023-04-25,7047.9641728441175
2023-04-26,7085.397200110163
2023-04-27,7116.917600271205
2023-04-28,7231.024169856237
2023-05-02,7282.588021591573
2023-05-03,7288.548343443826
2023-05-04,7331.730006766702
2023-05-05,7294.79549938733
2023-05-08,7306.690809982519
2023-05-09,7280.150271593172
2023-05-10,7290.130537288814
2023-05-11,7324.428254132007
2023-05-12,7304.831875838272
2023-05-15,7317.060386549136
2023-05-16,7342.537181645531
2023-05-17,7347.516864331024
2023-05-18,7272.849200863837
2023-05-19,7314.2474017313225
2023-05-22,7432.821503485805
2023-05-23,7470.21762295707
2023-05-24,7450.662443643601
2023-05-25,7495.92458723751
2023-05-26,7602.596571051811
2023-05-29,7637.917249508735
2023-05-30,7641.430556764336
2023-05-31,7671.047912249854
2023-06-01,7685.594428197839
2023-06-02,7731.9099980896535
2023-06-05,7784.742912316883
2023-06-06,7827.989932377025
2023-06-07,7861.155466520186
2023-06-08,7793.33610264412
2023-06-09,7814.734940066118
2023-06-12,7819.94225719845
2023-06-13,7859.819867702343
2023-06-14,7868.098272309205
2023-06-15,7883.795399690093
2023-06-16,7984.514629252497
2023-06-19,7959.454382670475
2023-06-20,7966.346024011767
2023-06-21,7970.888989265301
2023-06-22,7877.359172639881
2023-06-23,7740.967728973643
2023-06-26,7811.276480362976
2023-06-27,7819.568459402579
2023-06-28,7878.7348529921155
2023-06-30,7966.801019369992
2023-07-03,8002.302446233091
2023-07-04,7954.740404795973
2023-07-05,8051.955495930088
2023-07-06,8089.369414636913
2023-07-07,8036.4671601697955
2023-07-10,7998.061820200096
2023-07-11,8108.197675234419
2023-07-12,8149.007388183328
2023-07-13,8061.2363106394205
2023-07-14,8090.968651926168
2023-07-17,8095.060671384258
2023-07-18,8086.4670200879
2023-07-19,8163.221872204228
2023-07-20,8172.72821717609
2023-07-21,8131.338266272033
2023-07-24,8167.756382249878
2023-07-25,8131.333978775112
2023-07-26,8194.401814879731
2023-07-27,8186.010023465173
2023-07-28,8252.093745136975
2023-07-31,8307.874279581167
2023-08-01,8260.798793194444
2023-08-02,8166.055419469633
2023-08-03,8150.9001294745185
2023-08-04,8151.345222915302
2023-08-07,8186.218779587606
2023-08-08,8150.517639828282
2023-08-09,8156.9504735314495
2023-08-10,8115.107674053361
2023-08-11,8095.785328625508
2023-08-14,8076.612390165478
2023-08-16,8097.887592919113
2023-08-17,8103.590499854664
2023-08-18,8105.9962731967935
2023-08-21,8161.668245247884
2023-08-22,8255.005200600654
2023-08-23,8311.152284338976
2023-08-24,8273.971927151419
2023-08-25,8203.72554314699
2023-08-28,8222.373546652529
2023-08-29,8235.462973573798
2023-08-30,8317.812604959056
2023-08-31,8346.733180536074
2023-09-01,8378.713123515858
2023-09-04,8469.805703065838
2023-09-05,8542.781816708411
2023-09-06,8532.403911731783
2023-09-07,8583.699553871422
2023-09-08,8688.166885161165
2023-09-11,8839.929257330266
2023-09-12,8615.103556398939
2023-09-13,8607.366123217571
2023-09-14,8681.927661244052
2023-09-15,8673.636015144466
2023-09-18,8675.770204085433
2023-09-20,8638.096972716547
2023-09-21,8537.872679924762
2023-09-22,8530.135311711589
2023-09-25,8562.006022678994
2023-09-26,8611.616783206404
2023-09-27,8705.21893823465
2023-09-28,8589.566021272092
2023-09-29,8676.308827779905
2023-10-03,8703.222353103962
2023-10-04,8551.182291511586
2023-10-05,8544.42925629941
2023-10-06,8588.547318425673
2023-10-09,8497.443826042363
2023-10-10,8585.434928394296
2023-10-11,8612.44010612161
2023-10-12,8614.034767876581
2023-10-13,8614.183290983254
2023-10-16,8634.977896471695
2023-10-17,8665.477896779654
2023-10-18,8576.971317628
2023-10-19,8566.989264614682
2023-10-20,8514.924872931751
2023-10-23,8343.514748880503
2023-10-25,8252.801132195716
2023-10-26,8130.562891407185
2023-10-27,8298.352551018077
2023-10-30,8280.98282479286
2023-10-31,8286.19861139696
2023-11-01,8262.91327228209
2023-11-02,8368.707353308102
2023-11-03,8425.77669209633
2023-11-06,8455.726279397177
2023-11-07,8534.403275885781
2023-11-08,8628.017529556131
2023-11-09,8628.428030304747
2023-11-10,8687.034402601805
2023-11-13,8745.755439322296
2023-11-15,8820.91723514434
2023-11-16,8905.97566448293
2023-11-17,8930.330487725669
2023-11-20,8996.408645039513
2023-11-21,8960.061717302942
2023-11-22,9049.015833883199
2023-11-23,9059.078355575388
2023-11-24,9042.59745829798
2023-11-28,9050.43271805074
2023-11-29,9109.169394373761
2023-11-30,9202.861525543634
2023-12-01,9327.60112101353
2023-12-04,9506.471872187527
2023-12-05,9536.29888503538
2023-12-06,9528.314124793651
2023-12-07,9516.011265101031
2023-12-08,9538.661914648636
2023-12-11,9664.696726486456
2023-12-12,9622.829935893958
2023-12-13,9777.252394957388
2023-12-14,9832.62365505562
2023-12-15,9811.730817294114
2023-12-18,9882.048760441912
2023-12-19,9850.82712563741
2023-12-20,9615.271998929156
2023-12-21,9759.119302381083
2023-12-22,9776.088486921817
2023-12-26,9851.942583801747
2023-12-27,9882.472813906468
2023-12-28,9859.94382866508
2023-12-29,9910.724019217387
2024-01-01,9520.286216868717
2024-01-02,9541.609489192688
2024-01-03,9606.194259984919
2024-01-04,9741.331242326523
2024-01-05,9800.75615125904
2024-01-08,9801.11310100503
2024-01-09,9833.951484275953
2024-01-10,9839.095055649843
2024-01-11,9798.028666729619
2024-01-12,9856.105619303311
2024-01-15,9890.039866923837
2024-01-16,9909.454565310578
2024-01-17,9841.988007331147
2024-01-18,9875.154243809846
2024-01-19,10042.929572562176
2024-01-23,9736.504742644753
2024-01-24,9972.316621203234
2024-01-25,10024.46448804221
2024-01-29,10153.575641735415
2024-01-30,10133.594359212962
2024-01-31,10264.192228208283
2024-02-01,10220.636719328828
2024-02-02,10330.917141803664
2024-02-05,10343.875157451117
2024-02-06,10387.624220811273
2024-02-07,10534.743943447027
2024-02-08,10638.141647486822
2024-02-09,10441.490027341728
2024-02-12,10196.684170070095
2024-02-13,10217.232449495972
2024-02-14,10346.319425535869
2024-02-15,10538.99250387708
2024-02-16,10631.821233256624
2024-02-19,10642.538879215992
2024-02-20,10599.186659688421
2024-02-21,10433.168747783393
2024-02-22,10528.260319632756
2024-02-23,10563.934575265701
2024-02-26,10542.542207255447
2024-02-27,10572.473121137431
2024-02-28,10445.553524736435
2024-02-29,10455.697799752981
2024-03-01,10579.142361223654
2024-03-04,10780.19784633867
2024-03-05,10768.235020246797
2024-03-06,10700.822850041157
2024-03-07,10786.863118236733
2024-03-11,10710.431848525699
2024-03-12,10546.79454513466
2024-03-13,10074.400102522482
2024-03-14,10334.244144750513
2024-03-15,10253.799091197176
2024-03-18,10248.909966360407
2024-03-19,10102.0111252615
2024-03-20,10121.381962167277
2024-03-21,10423.231961088411
2024-03-22,10513.710295078963
2024-03-26,10685.25279702719
2024-03-27,10760.591810712527
2024-03-28,10849.715750691834
2024-04-01,11070.740041532586
2024-04-02,11202.047968103556
2024-04-03,11298.157044361547
2024-04-04,11277.609424184577
2024-04-05,11289.935187036108
2024-04-08,11328.381776081378
2024-04-09,11269.247079258346
2024-04-10,11339.806628002889
2024-04-12,11302.471031730749
2024-04-15,11160.226596911949
2024-04-16,11174.550114557751
2024-04-18,11156.013800979355
2024-04-19,11133.114193068786
2024-04-22,11253.90557021336
2024-04-23,11418.331370579723
2024-04-24,11540.747760495018
2024-04-25,11667.902868358615
2024-04-26,11741.938076721934
2024-04-29,11693.785765058434
2024-04-30,11738.342292823478
2024-05-02,11955.213432378274
2024-05-03,11965.433922843964
2024-05-06,11826.772395663267
2024-05-07,11484.385959723759
2024-05-08,11623.625391679143
2024-05-09,11345.388143492133
2024-05-10,11483.983902052194
2024-05-13,11529.844702075461
2024-05-14,11721.029715860315
2024-05-15,11869.331924543061
2024-05-16,12008.510872402068
2024-05-17,12186.464989099208
2024-05-21,12435.74105181143
2024-05-22,12384.518264899554
2024-05-23,12512.809263554625
2024-05-24,12554.916100642597
2024-05-27,12543.852061021153
2024-05-28,12392.189836293006
2024-05-29,12397.200455703529
2024-05-30,12252.031841740794
2024-05-31,12439.758231566262
2024-06-03,12946.059759296666
2024-06-04,11735.212154354318
2024-06-05,12163.220692118299
2024-06-06,12481.981298718674
2024-06-07,12637.391317966434
2024-06-10,12689.096798135579
2024-06-11,12795.265271501097
2024-06-12,12907.691654996474
2024-06-13,13002.876345278395
2024-06-14,13129.300657044805
2024-06-18,13245.266909259226
2024-06-19,13030.200777639808
2024-06-20,13081.927586562755
2024-06-21,13069.876066362513
2024-06-24,13143.834774974626
2024-06-25,13082.982097951925
2024-06-26,13038.311031546531
2024-06-27,13004.454020296995
2024-06-28,13106.077106745952
2024-07-01,13148.738569614443
2024-07-02,13075.913553720364
2024-07-03,13347.240684963219
2024-07-04,13556.992548950364
2024-07-05,13789.509323020748
2024-07-08,13873.680146984872
2024-07-09,13827.483693649057
2024-07-10,13846.972050021672
2024-07-11,14000.649590741163
2024-07-12,13953.206508816753
2024-07-15,14005.837434563
2024-07-16,13877.166344985659
2024-07-18,13457.005805116356
2024-07-19,13108.84289494639
2024-07-22,13274.905781953692
2024-07-23,13041.609353921507
2024-07-24,13112.399771815166
2024-07-25,13076.460155495355
2024-07-26,13226.377623238075
2024-07-29,13582.067269706919
2024-07-30,13603.214633738467
2024-07-31,13680.936660755184
2024-08-01,13570.831044088338
2024-08-02,13326.986791819729
2024-08-05,12781.237351213014
2024-08-06,12608.643558589552
2024-08-07,13035.578953869646
2024-08-08,12965.350809577232
2024-08-09,13165.889785126996
2024-08-12,13182.418528606431
2024-08-13,13022.612186369588
2024-08-14,12982.052541412275
2024-08-16,13153.994360398216
2024-08-19,13189.411594065186
2024-08-20,13224.502624680264
2024-08-21,13250.06062265741
2024-08-22,13308.576808924932
2024-08-23,13312.247340213831
2024-08-26,13334.389684504831
2024-08-27,13318.679261040073
2024-08-28,13359.322987928379
2024-08-29,13320.015189091115
2024-08-30,13412.20842848714
2024-09-02,13306.609476619707
2024-09-03,13339.593299121712
2024-09-04,13291.74110860262
2024-09-05,13175.040458949992
2024-09-06,12937.580763859436
2024-09-09,12836.353668202753
2024-09-10,12907.334303585678
2024-09-11,12843.524454067954
2024-09-12,13031.831316828333
2024-09-13,13069.814676232058
2024-09-16,13219.269436634233
2024-09-17,13174.800422250039
2024-09-18,13174.98749153944
2024-09-19,12936.81228074571
2024-09-20,13263.26904047578
2024-09-23,13404.067079145952
2024-09-24,13452.175914423384
2024-09-25,13359.759743759523
2024-09-26,13352.076346217558
2024-09-27,13488.262980243688
2024-09-30,13395.112021648709
2024-10-01,13412.267767199537
2024-10-03,13105.561081567823
2024-10-04,13080.301334471997
2024-10-07,12676.470491835238
2024-10-08,13208.630546793343
2024-10-09,13358.320496560857
2024-10-10,13417.31257691091
2024-10-11,13476.217604505622
2024-10-14,13555.456883615514
2024-10-15,13563.873087542945
2024-10-16,13458.481164259465
2024-10-17,13090.444552445508
2024-10-18,13131.088624110685
2024-10-21,12943.981815564985
2024-10-22,12495.010531393837
2024-10-23,12440.234452218421
2024-10-24,12486.20813108718
2024-10-25,12160.832538390301
2024-10-28,12267.825543778748
2024-10-29,12509.434262752167
2024-10-30,12537.839725434596
2024-10-31,12513.114716660428
2024-11-01,12613.062095755244
2024-11-04,12436.206825654808
2024-11-05,12498.724609076422
2024-11-06,12825.978516720988
2024-11-07,12728.681804735124
2024-11-08,12513.028539861425
2024-11-11,12513.43679605373
2024-11-12,12270.684037649818
2024-11-13,11939.25780881351
2024-11-14,11906.07674124699
2024-11-18,11870.970565000964
2024-11-19,12002.017024343633
2024-11-21,11850.113831936987
2024-11-22,12051.712857317874
2024-11-25,12393.013071918132
2024-11-26,12325.833772760816
2024-11-27,12515.08731060877
2024-11-28,12559.982977240901
2024-11-29,12577.483773419854
2024-12-02,12625.595414343796
2024-12-03,12778.635976428151
2024-12-04,12874.403696854459
2024-12-05,12934.42192633108
2024-12-06,13074.985145218907
2024-12-09,13120.958596942355
2024-12-10,13097.033817769276
2024-12-11,13209.533587378159
2024-12-12,13150.749426455139
2024-12-13,13126.035356131828
2024-12-16,13248.712962378713
2024-12-17,13114.65564998088
2024-12-18,12957.521375513763
2024-12-19,12847.54912554231
2024-12-20,12402.925308276379
2024-12-23,12438.554683709186
2024-12-24,12389.048253122844
2024-12-26,12429.150678015163
2024-12-27,12348.986767980467
2024-12-30,12144.199364168378
2024-12-31,12302.238495638547
2025-01-01,12338.792893449667
2025-01-02,12520.448277613927
2025-01-03,12446.297088850204
2025-01-06,12144.03407265957
2025-01-07,12129.451622368491
2025-01-08,11914.626663952396
2025-01-09,11736.532745227101
2025-01-10,11562.124876816628
2025-01-13,11055.304005243384
2025-01-14,11176.50581673757
2025-01-15,11267.075168156452
2025-01-16,11340.097386848898
2025-01-17,11340.534483026744
2025-01-20,11369.545962187129
2025-01-21,10938.130186599945
2025-01-22,10805.868030039981
2025-01-23,11103.521309981737
2025-01-24,10947.372785329273
2025-01-27,10562.001454174084
2025-01-28,10349.29051912366
2025-01-29,10695.622334934318
2025-01-30,10633.167003286344
2025-01-31,10801.076052864339
2025-02-01,10822.049376823823
2025-02-03,10768.443390230495
2025-02-04,10931.152741286242
2025-02-05,11055.456066639012
2025-02-06,10901.89656253827
2025-02-07,10968.742081237884
2025-02-10,10724.617798942418
2025-02-11,10423.89612581066
2025-02-12,10380.031402158316
2025-02-13,10427.395186080204
2025-02-14,10123.9498817163
2025-02-17,10121.17188405051
2025-02-18,10096.126082478146
2025-02-19,10269.750473087443
2025-02-20,10387.581904188173
2025-02-21,10231.613745190502
2025-02-24,10124.717537216227
2025-02-25,10086.406330557722
2025-02-27,9958.954540313222
2025-02-28,9731.12117923691
2025-03-03,9750.62335656417
2025-03-04,9760.657075328196
2025-03-05,9988.606462015943
2025-03-06,9972.085995690079
2025-03-07,9911.33605080499
2025-03-10,9728.069178519037
2025-03-11,9794.777254261719
2025-03-12,9752.674798555832
2025-03-13,9709.235543301513
2025-03-17,9788.022615050959
2025-03-18,9805.220141306529
2025-03-19,10230.307431829384
2025-03-20,10309.651009661753
2025-03-21,10427.718438477403
2025-03-24,10551.336826827024
2025-03-25,10430.62152351107
2025-03-26,10359.789249269523
2025-03-27,10459.45243087247
2025-03-28,10458.823843654269
2025-04-01,10213.238076943178
2025-04-02,10389.02183476202
2025-04-03,10323.747156185118
2025-04-04,9951.388582663021
2025-04-07,9579.730610089326
2025-04-08,9819.532201519733
2025-04-09,9663.14426336832
2025-04-11,9917.89885795957
2025-04-15,10239.274860939146
2025-04-16,10300.745685249665
2025-04-17,10377.774318589925
2025-04-21,10610.786612465232
2025-04-22,10715.12409502139
2025-04-23,10875.022548791347
2025-04-24,10872.71960033581
2025-04-25,10622.47003928959
2025-04-28,10774.890606379457
2025-04-29,10857.55838550066
2025-04-30,10801.59772545546
2025-05-02,10772.891470819282
2025-05-05,10933.664107340777
2025-05-06,10709.359870845237
2025-05-07,10815.87235437772
2025-05-08,10657.09735605438
2025-05-09,10632.8289157451
2025-05-12,11046.532373556198
2025-05-13,11082.174162744663
2025-05-14,11222.234457906728
2025-05-15,11322.079800408366
2025-05-16,11420.086572174536
2025-05-19,11401.830777125184
2025-05-20,11227.73347863762
2025-05-21,11359.612927530588
2025-05-22,11311.49290764813
2025-05-23,11387.492073067977
2025-05-26,11449.370633550428
2025-05-27,11444.634735921347
2025-05-28,11426.728256150838
2025-05-29,11524.476787002352
2025-05-30,11501.357533948918
2025-06-02,11515.995118335632
2025-06-03,11506.804346252227
2025-06-04,11641.93951496796
2025-06-05,11839.54192143434
2025-06-06,11860.01822588375
2025-06-09,11944.995209844725
2025-06-10,11993.15308470435
2025-06-11,11940.844879183298
2025-06-12,11748.961804358525
2025-06-13,11731.181920182851
2025-06-16,11855.293581721071
2025-06-17,11807.02273738572
2025-06-18,11785.534778683945
2025-06-19,11652.956342048028
2025-06-20,11835.260949561713
2025-06-23,11893.112628064511
2025-06-24,11921.351097018965
2025-06-25,11941.322710859566
2025-06-26,11967.254294168677
2025-06-27,11945.027517402967
2025-06-30,12059.574206578502
2025-07-01,12016.333863121992
2025-07-02,11944.020972057207
2025-07-03,11893.485915845113
2025-07-04,11870.558759504676
2025-07-07,11834.501778337057
2025-07-08,11809.860385691705
2025-07-09,11852.808780373414
2025-07-10,11760.889781913093
2025-07-11,11634.14320902507
2025-07-14,11663.189552179356
2025-07-15,11727.65860214429
2025-07-16,11717.227283385408
2025-07-17,11672.785595143734
2025-07-18,11580.13736057196
2025-07-21,11695.616332919592
2025-07-22,11747.41451756904
2025-07-23,11788.309556697961
2025-07-24,11725.674563929784
2025-07-25,11565.979549714
2025-07-28,11441.78639705979
2025-07-29,11496.259741216176
2025-07-30,11541.964445484164
2025-07-31,11508.855554926642
2025-08-01,11358.038142580584
2025-08-04,11495.48822494101
2025-08-05,11508.002610989297
2025-08-06,11426.358747219738
2025-08-07,11443.61346468509
2025-08-08,11305.646538412957
2025-08-11,11420.099555280083
2025-08-12,11339.858905366977
2025-08-13,11484.585729831575
2025-08-14,11493.776838290087
2025-08-18,11656.598277909276
2025-08-19,11638.892389734998
2025-08-20,11659.683813370204
2025-08-21,11637.67330290999
2025-08-22,11603.947783936525
2025-08-25,11581.856611345074
2025-08-26,11398.323982227475
2025-08-28,11287.68631810784
2025-08-29,11258.039897627068
2025-09-01,11379.152447647302
2025-09-02,11365.340526004242
2025-09-03,11439.824741500868
2025-09-04,11356.280776274334
2025-09-05,11387.038945351207
2025-09-08,11376.734547915847
2025-09-09,11436.108300964497
2025-09-10,11558.350327722039
2025-09-11,11502.927891318217
2025-09-12,11611.999183861763
2025-09-15,11652.72079549286
2025-09-16,11744.684831844035
2025-09-17,11768.192387670182
2025-09-18,11767.438801324799
2025-09-19,11728.886601406159
2025-09-22,11710.624231566373
2025-09-23,11651.949056205493
2025-09-24,11576.99486084027
2025-09-25,11477.521903097933
2025-09-26,11283.442581182451
2025-09-29,11315.477141970936
2025-09-30,11294.110535101863
2025-10-01,11394.776740181984
2025-10-03,11471.636831064954
2025-10-06,11638.752529183701
2025-10-07,11672.739075004782
2025-10-08,11637.678685792824
2025-10-09,11738.444514931387
2025-10-10,11765.430554835606
2025-10-13,11843.759648416022
2025-10-14,11772.157103303774
2025-10-15,11928.5403860097
2025-10-16,11952.265338634958
2025-10-17,11976.113448139682
2025-10-20,12020.952008450946
2025-10-21,12036.316040878206
2025-10-23,11970.484976888392
2025-10-24,11967.15010598355
2025-10-27,11997.874991824916
2025-10-28,11970.252475599973
2025-10-29,11998.965360837341
2025-10-30,11944.383504162832
2025-10-31,11872.883438673747
2025-11-03,11926.280261873042
2025-11-04,11924.300658564987
2025-11-06,11865.361703088436
2025-11-07,11956.449042523142
2025-11-10,11993.00999190348
2025-11-11,11945.99424228978
2025-11-12,12028.000217000239
2025-11-13,12000.389169643084
2025-11-14,12023.98927369539
2025-11-17,12041.144279683229
2025-11-18,11954.695948445442
2025-11-19,11977.209234549628
2025-11-20,12062.844478497927
2025-11-21,11887.383312391763
2025-11-24,11808.733593874778
2025-11-25,11836.64668287253
2025-11-26,12028.34742396693
2025-11-27,12027.607871776998
2025-11-28,12016.189349081385
2025-12-01,12007.466727360612
2025-12-02,11958.585838849835
2025-12-03,11839.494348132379
2025-12-04,11848.609122524624
2025-12-05,11929.77021978882
2025-12-08,11747.01494531338
2025-12-09,11747.952412518192
2025-12-10,11660.216156464776
2025-12-11,11724.118840352889
2025-12-12,11819.844614229627
2025-12-15,11780.865943647299
2025-12-16,11705.009937718301
2025-12-17,11619.694563735462
2025-12-18,11617.219439050745
2025-12-19,11748.402579635147
2025-12-22,11853.435563713074
2025-12-23,11867.43287539553
2025-12-24,11835.467392028484
2025-12-26,11757.506809389699
2025-12-29,11705.527560008435
2025-12-30,11599.668576432934
2025-12-31,11732.868877097086
2026-01-01,11772.355024511933
2026-01-02,11846.352320598246
2026-01-05,11873.599615308434
2026-01-06,11880.091656241526
2026-01-07,11840.51833542999
2026-01-08,11667.16317757106
2026-01-09,11550.133850651197
2026-01-12,11534.225051743439
2026-01-13,11514.305855786097
2026-01-14,11548.301300104911
2026-01-15,11548.301300104911
2026-01-16,11580.804955817404
2026-01-19,11599.995949988159
2026-01-20,11330.937379605333
2026-01-21,11209.503326012395
2026-01-22,11320.103507084033
2026-01-23,11135.312963286986
2026-01-27,11165.904507297713
2026-01-28,11262.548960458762
2026-01-29,11256.440328424178
2026-01-30,11197.898291736645
2026-02-02,11007.901517233178
2026-02-03,11318.16300048026
2026-02-04,11428.307160161072
2026-02-05,11384.792547838508
2026-02-06,11451.285205246177
2026-02-09,11634.727027209516
2026-02-10,11642.35321907672
2026-02-11,11702.893238762274
2026-02-12,11785.799158415253
2026-02-13,11593.914022628052
2026-02-16,11634.653906686424
2026-02-17,11690.201421744801
2026-02-18,11793.499807919263
2026-02-19,11607.503673539166
2026-02-20,11707.572957871715
2026-02-23,11739.533879340173
2026-02-24,11695.035625889257
2026-02-25,11797.089502114059
2026-02-26,11860.492140851065
2026-02-27,11640.878020183283
2026-03-02,11444.343678251955
2026-03-04,11164.366946856799
2026-03-05,11360.464468432872
2026-03-06,11221.55420424797
2026-03-09,11002.146358747641
2026-03-10,11253.02812018215
2026-03-11,11019.369061099887
2026-03-12,10922.316565554072
2026-03-13,10658.794536098281
2026-03-16,10683.82756971342
2026-03-17,10825.605141506236
2026-03-18,11015.305018894449
2026-03-19,10621.907628143037
2026-03-20,10686.024179534325
2026-03-23,10260.223894740431
2026-03-24,10537.098040453438
2026-03-25,10835.005401691531
2026-03-27,10542.041833915388
2026-03-30,10193.967947936802
2026-04-01,10484.657089441587
2026-04-02,10415.201282016946
2026-04-06,10638.510207524088
2026-04-07,10628.702891177607
2026-04-08,11230.633744235796
2026-04-09,11236.158814328608
2026-04-10,11493.494372325738
2026-04-13,11331.302443448983
2026-04-15,11510.806661233602
2026-04-16,11488.306779829372
2026-04-17,11614.404443969579
2026-04-20,11648.11909057649
2026-04-21,11692.060487124967
2026-04-22,11671.442536772607
2026-04-23,11592.666396557946
2026-04-24,11531.887097089784
2026-04-27,11582.58584030574
2026-04-28,11536.691305048409
2026-04-29,11564.828956492649
2026-04-30,11501.468453874333
2026-05-01,11501.468453874333
2026-05-04,11622.53591352567
2026-05-05,11637.813240301502
2026-05-06,11864.826703093886
2026-05-07,12022.23837814512
2026-05-08,11992.335047212762
2026-05-11,11819.987365628622
2026-05-12,11528.166441929925
2026-05-13,11548.585032121633
2026-05-14,11741.847262541582
2026-05-15,11692.226596667719
2026-05-18,11662.555622627244
2026-05-19,11687.208518795673
2026-05-20,11769.325871754783
2026-05-21,11728.286305808735
2026-05-22,11774.200452538029
2026-05-25,11953.099259839368
2026-05-26,11980.464597456254
2026-05-27,12051.152449057336
2026-05-28,12051.152449057336
2026-05-29,11904.104835237838
2026-06-01,11660.186497382949
2026-06-02,11639.823894087038
2026-06-03,11659.665777849408
2026-06-04,11716.928251836991
2026-06-05,11736.522421304591
2026-06-08,11534.526665328069
2026-06-09,11735.463696673027
2026-06-10,11576.430513747953
2026-06-11,11474.895049613562
2026-06-12,11840.577678011674
2026-06-15,12068.655716172698
2026-06-16,12081.97143693013
2026-06-17,12116.966776948124
2026-06-18,12152.844219227842
2026-06-19,12198.408340608168
2026-06-22,12230.48358506075
2026-06-23,12120.546282302708
2026-06-24,12106.68021621748
2026-06-25,12068.2910986534
2026-06-26,12068.2910986534
2026-06-29,12011.232025619185
2026-06-30,12099.282785857064
2026-07-01,12051.336893459853
2026-07-02,12024.318870178593
2026-07-03,11859.951788779234
2026-07-06,11983.240244662058
2026-07-07,11821.606364289168
2026-07-08,11728.788245422998
2026-07-09,11837.754258150224
2026-07-10,11985.95087964423
2026-07-13,11963.223014209521
2026-07-14,11994.471041345738
2026-07-15,12041.129235369708
2026-07-16,12019.427012876753
2026-07-17,11853.777314020745
2026-07-20,11959.307380160697
2026-07-21,12037.772377489378
2026-07-22,11954.30976295617
2026-07-23,11816.67144145117
2026-07-24,11757.291972531339
2026-07-27,11870.647827965937
2026-07-28,11721.5924302631
2026-07-29,11818.347045019207
2026-07-30,11762.446987261817
2026-07-31,11982.066770384648
2026-08-03,12063.881134825157
2026-08-04,12159.15506514526
2026-08-05,12213.44854839122
2026-08-06,12159.447322363021
2026-08-07,12190.847795343603
2026-08-10,12248.653851093182
2026-08-11,12195.156203648641
2026-08-12,12321.838073332321
2026-08-13,12216.43080326393
2026-08-14,12141.388308200016
2026-08-17,12215.615290235553
2026-08-18,12162.749247810183
2026-08-19,12017.062225991172
2026-08-20,12033.553480832767
2026-08-21,12019.057795588791
2026-08-24,12077.213591398418
2026-08-25,12162.832475293806
2026-08-26,12165.3421150835
2026-08-27,12256.958359332712
2026-08-28,12244.012240036434
2026-08-31,12150.437587867993
2026-09-01,11912.774280518523
2026-09-02,11889.98370350625
2026-09-03,11934.550122193577
2026-09-04,11868.864222800677
2026-09-07,11840.674223716345
2026-09-08,11953.432293135882
2026-09-09,12008.668003028519
2026-09-10,11914.821176887866
2026-09-11,11838.902187659307
2026-09-14,11838.902187659307
2026-09-15,11465.917618778185
2026-09-16,11462.6713515438
2026-09-17,11589.512981410495
2026-09-18,11802.909304582177
